id_code,diagnosis,probability,mean_predicted_entropy
0005cfc8afb6,2,0.35058475,1.2645603
003f0afdcd15,2,0.3707803,1.1994244
006efc72b638,2,0.47542542,1.2021797
00836aaacf06,2,0.44037643,1.2489598
009245722fa4,2,0.43509132,1.1751329
009c019a7309,2,0.37163693,1.2835525
010d915e229a,4,0.35978127,1.2813355
0111b949947e,0,0.93240356,0.28093523
01499815e469,3,0.51604974,1.0411714
0167076e7089,0,0.50019854,1.195678
01c31b10ab99,2,0.351626,1.2603412
01c5ba195207,3,0.5221314,1.0932943
01e4d86b3a30,1,0.504589,1.1460394
020921b796d5,2,0.34268445,1.313371
020f6983114d,2,0.47859326,1.2302471
021c207614d6,1,0.3774326,1.3232275
0229c0a80d42,2,0.47441673,1.2628539
024d0a225db1,2,0.50215685,1.2340394
0268f4382c67,1,0.38465366,1.2717301
0299d97f31f7,0,0.9120656,0.33635145
03042a663e54,2,0.4936151,1.1815246
030e06ddbb04,2,0.45380706,1.2103916
033cdbbbdfaa,2,0.47221056,1.3494948
03be80919be4,2,0.46205932,1.2929866
03eaa4eef484,3,0.4174692,1.1280392
0434995d0654,0,0.5521464,1.0776938
04a0773c71fb,2,0.6186805,1.0658919
04e1b77ef107,2,0.4152636,1.4338641
051d9d12a6ee,2,0.50212,1.1492405
052e00f47cfa,2,0.41501284,1.3027338
06035cfbcc18,0,0.8324855,0.6092869
061e7dab2b76,2,0.51227075,1.2426955
0622a0f615db,1,0.3586225,1.3026431
062ed40f5272,0,0.91436464,0.2922427
0654cdd3c01a,2,0.5066781,1.1918299
065cb18bb0b2,2,0.3830039,1.2734239
069037e82135,2,0.66168815,1.0245684
069ebdb1023d,2,0.6243998,1.0733185
06cdd3f3f262,1,0.64529604,0.9652029
06daa7390238,3,0.47068438,1.0640748
06e60df1823e,2,0.29261392,1.3807981
0737dfb0a164,2,0.53384244,1.1783288
0749255f718d,3,0.31225762,1.3036038
07685fac659a,4,0.4277727,1.2793901
079e029f3b2e,1,0.6413463,0.94684446
07d8d154e752,2,0.43795186,1.1643775
081c7ec32f27,4,0.40642563,1.2658336
082c7ccb536a,3,0.61825305,0.93406755
082fc6f323a1,1,0.36891627,1.2772881
086727c22b75,2,0.48855495,1.2315238
087966da55c2,3,0.48747292,1.0292937
08a5afa9d62c,2,0.393359,1.238332
08cfae721bd8,1,0.4901883,1.2659947
08dc27511636,0,0.9527497,0.19989017
0904fcd03369,4,0.4213559,1.182989
0928150bb29a,2,0.39708608,1.3158206
0946ae407745,1,0.600475,1.0567077
0952ca2ece1c,0,0.91261023,0.32881624
096d6bb6546b,1,0.43536645,1.2261232
097614f1dcae,2,0.45990127,1.1643625
09855c888f9f,2,0.40383577,1.3226883
09b5e952f996,2,0.46768636,1.2564821
09d32c9008ca,4,0.63870984,0.84248894
0a0780ad3395,4,0.43908167,1.2467585
0a262e8b2a5a,2,0.50282776,1.1690389
0a2b5e1a0be8,3,0.4814127,1.081495
0ad36156ad5d,4,0.50874335,1.1699626
0aebb1b2aef1,3,0.51205647,1.053128
0af080866c24,1,0.29768988,1.37195
0af338c60d2d,2,0.4169549,1.2061915
0b121d798018,3,0.37923163,1.1824956
0b65c09c7bac,3,0.38762966,1.2104906
0b88274d5d7d,4,0.36467114,1.232545
0ba16f32500e,0,0.48012677,1.1119134
0bab4b301d71,2,0.46973532,1.1222655
0bfa8ea173d6,1,0.48669878,1.1239434
0c39fa1f2cfa,2,0.3982697,1.2945775
0c7e40a82c60,3,0.4604872,1.0407498
0c7e66a53ce3,0,0.3945034,1.1397045
0ca261d6e31d,0,0.6404625,0.8599725
0cad3584e761,0,0.6119181,1.0491326
0ccfca342907,2,0.4499395,1.2259188
0d1610cda7fc,2,0.4192213,1.2458822
0d1c7806f918,1,0.7652628,0.80624497
0d2c1ae24459,2,0.4000596,1.1684442
0d38fb1ec22d,3,0.46600586,1.1330667
0d564d76c97c,2,0.5138639,1.1309427
0ddb0dbbef76,2,0.3570121,1.2975296
0df488d86631,2,0.3590525,1.3458613
0e052b0dec40,1,0.4777031,1.1837041
0e107399795b,3,0.41206136,1.1716753
0e428b886e07,2,0.37248427,1.3232238
0e86fbc6cb8b,2,0.31276184,1.4147924
0e9d6c70eaf7,2,0.48438463,1.2735735
0eb6e41a8658,4,0.44470444,1.1446544
0ecaf177e85f,2,0.61274797,1.0471398
0ed192cd67a2,1,0.5257249,1.0843214
0edc0c33e929,1,0.7834338,0.7653312
0ee72c039036,4,0.406319,1.1841576
0ef1f5075178,3,0.4349764,1.1150538
0f1613975335,0,0.43667096,1.1063901
0f1a967313c3,0,0.9399091,0.2259587
0f23c3028206,0,0.95956755,0.17920117
0f61878bfd0e,2,0.35437045,1.2714474
0f8fc606e17c,2,0.47362632,1.1707695
0f96e3e4a5a0,2,0.5401325,1.1767159
0fa8a299f431,4,0.47283283,1.2110376
0fb31b7aef5f,3,0.3713811,1.1780249
0fb78ccb86f8,3,0.3424905,1.2596457
0fd68a854aa1,0,0.722579,0.7224794
100d678b8125,3,0.53873813,1.0269092
10205b883f26,3,0.36445433,1.134971
10249038e07f,2,0.42796192,1.0790255
10407824638c,0,0.5789414,0.9224645
106dac320289,2,0.5082065,1.2258148
10c9d368f264,2,0.47863013,1.2395321
10df48fe8c6c,2,0.5518469,1.1882062
1136833be435,2,0.3887586,1.3455617
113971387d87,2,0.5077441,1.1931151
119c13369239,2,0.5978387,1.1194246
11dc8d4a66a7,0,0.8915165,0.36616367
11f10a8be429,0,0.491103,1.2335246
12411c037cfb,3,0.50153255,0.9766058
1248275c3f91,2,0.34910086,1.2280346
1278c303e03e,2,0.4985624,1.2209847
127976eab419,2,0.42027968,1.1556456
1282d33e6fbc,2,0.39299792,1.3188784
128b94971423,2,0.3938475,1.2339804
13065b0ff1e0,1,0.43856186,1.3313369
130887394f97,2,0.39905423,1.2859427
1326dad5651f,0,0.75041354,0.6890572
132e1876157b,4,0.4034354,1.1509988
133f96f06473,3,0.49361196,1.0591984
1388399910c7,2,0.47108087,1.2567469
13a444b80681,0,0.42601126,1.2429957
13e28ec4534a,2,0.5633799,1.1325486
140c4f64fca3,2,0.46832028,1.2107198
1466c7e5936e,2,0.36164215,1.2619326
146edf3ba156,0,0.98991793,0.061764013
148e913a3cb7,2,0.57942545,1.1132778
1491b52c49e4,1,0.61008334,1.0518925
14a4f23b07a5,1,0.64501756,0.9977028
14ab77198610,1,0.60741425,1.0279766
153a1a1157d8,4,0.54947865,1.0159981
15586b5a4a6a,2,0.4733657,1.2115971
156350bc41c9,2,0.57927805,1.0840149
15a5df617fb1,0,0.625985,0.84372604
1620fa014ccb,1,0.7561024,0.8082916
163a8bffdc88,1,0.5586511,0.8229359
167d9edb5cc1,2,0.40236717,1.309061
16ae04d67de3,1,0.74120456,0.87023604
16ae52b6ac9b,2,0.67741746,0.9637429
16cfea326456,2,0.49970692,1.2182934
16d36c3d0553,1,0.3611661,1.4323003
1719183e95b6,2,0.4483331,1.2641494
172eb75bc414,1,0.7858036,0.71203154
17403c0714f1,2,0.5150876,1.1563009
174be0d1e02d,4,0.50674736,0.9756241
1784c33b4f27,1,0.3200128,1.4236076
178bf0bd8902,0,0.9107267,0.36199212
17b08e34f0ed,2,0.44432974,1.2066729
17bed9f69d84,2,0.53709054,1.1468798
17f0a333f224,2,0.42420816,1.2603741
17fb965efdf3,3,0.37693617,1.1629071
18009c3e5653,2,0.53141356,1.2047112
1822b6c60784,4,0.31415272,1.2645258
1876ac30fdc5,0,0.82038754,0.66638315
18b0e7e82204,4,0.4323512,1.1878877
18c7998ba166,3,0.47667512,1.1213856
18d885cd7f0c,0,0.73296034,0.8092176
18e65ae600f3,0,0.8606367,0.5305737
18f09deddab7,2,0.5230485,1.2054888
1927c7ed6570,2,0.28191525,1.5153425
19f165a25974,3,0.5307408,1.0564845
19fedfb6c8e1,1,0.4651853,1.050164
1a0a62061725,2,0.627701,1.0553527
1a18d78ffb56,2,0.48624635,1.2274755
1a495e43fc7d,4,0.6869154,0.7859731
1a6b7f58d488,1,0.3870475,1.3963382
1a7fe0c18772,0,0.80848944,0.61313426
1ab40e2386ea,2,0.55788565,1.108023
1b1522622a53,2,0.3316729,1.3916543
1b4843340486,2,0.5512791,1.1783049
1b79278c8cb5,2,0.35698503,1.2947391
1ba29885e4ce,4,0.41962704,1.2028468
1c241074f213,1,0.38337365,1.231884
1c6139829ba9,0,0.8424648,0.5895852
1c62728dd31b,2,0.37864533,1.3706355
1c6e15aeb154,3,0.3807804,1.1494544
1ca7ecbd29fc,1,0.29369935,1.2777112
1ca90de96f99,4,0.5523772,1.02206
1d1539c0fb03,2,0.43072516,1.1451815
1d2354eba61d,0,0.43969202,1.2415849
1d5a1d9fe2cb,2,0.39536077,1.1955612
1d7c4c12769e,2,0.5102717,1.1443803
1de193623108,2,0.38419572,1.2652154
1e0309115a25,4,0.42385015,1.0630699
1e04a80f12dd,0,0.47025284,1.1412311
1e15a8fa476f,2,0.48114705,1.1778619
1e34e33a0988,2,0.48830476,1.0071676
1ed74b13dc38,2,0.5144222,1.2097828
1f2018b62574,3,0.4003211,1.1700066
1f244c85e046,2,0.5088223,1.2210813
1fb1acde9818,1,0.5726783,1.056762
1fb4db8834df,0,0.958549,0.18416777
1ff6e5ec40b4,1,0.47213966,1.0155514
20456efc42ad,2,0.39243168,1.3232832
2047c76a05da,2,0.72567326,0.8776182
204b0837f6c3,1,0.4671925,1.1617618
206c526761e4,2,0.50992554,1.1873727
207265d7e694,0,0.54096586,1.092423
2099648072a2,2,0.42014462,1.1715858
20a955de8a62,2,0.533512,1.0943989
20dd582bf9c7,2,0.5554869,1.0368451
2109169f580e,1,0.345579,1.3731215
212fc55744e9,2,0.67888546,0.9587573
21326c03723b,2,0.3517194,1.2203025
213e9ca67626,2,0.4048911,1.23725
214a244dd49f,1,0.42005548,1.209392
214e78f46682,2,0.5369097,1.1762131
21715aad6f7b,3,0.49120235,1.1013584
219828b94b41,4,0.53875554,1.1371052
21d65a5b8d67,0,0.59177285,0.99684846
21da3c4da8ad,2,0.50414866,1.1866727
2245678ba096,3,0.4301049,1.1314815
224681bb4b7d,2,0.58766717,1.067014
227af2e525a0,2,0.48564997,1.0826688
228769e96741,2,0.5953924,1.1442976
228e7cf174ae,0,0.72794163,0.9293691
22c7ca4863ee,2,0.36487678,1.3086785
22c9f6694a99,2,0.3662329,1.1480405
22daab4f0786,3,0.42527372,1.1085148
22de26199c44,1,0.6095729,1.0092528
236c9c9c40c5,1,0.6585871,0.7741682
23766fab438c,4,0.6176578,0.93683517
23c483b2d9d1,1,0.5993632,1.0738128
23c5eba92749,3,0.3540114,1.2214978
23e7645e7e39,2,0.4675973,1.2304223
23e9b7b14f2d,4,0.35309812,1.3124114
2412b2c0e74a,1,0.47979298,1.1442356
24206453d834,1,0.6069941,0.8963727
2427e06125ae,3,0.40517217,1.1513093
24289104b70b,2,0.55776507,1.081529
2430807dfad5,0,0.92961013,0.251954
246efa653ba4,1,0.41474456,1.2020965
24d5ed8ba19a,4,0.4596428,1.1790272
251f4323b63d,1,0.4995319,1.1872365
25217ad0dfae,2,0.35553375,1.2407867
256dbdb1821c,0,0.29294598,1.4610689
25d98da73248,0,0.6622907,0.9781561
25e5dc143433,0,0.45445472,1.1129428
25eb93e69a3e,1,0.70786464,0.84508276
2603cf87a7e3,1,0.3163477,1.1571499
2630d7731c72,2,0.4321243,1.2347031
263dde841c5e,3,0.38817343,1.2397196
264bb74277a5,1,0.5978939,1.1011648
2665a122e8a2,1,0.38765556,1.3210537
2677d5c9983e,1,0.5586716,1.1003901
267a4f971f1a,2,0.41202068,1.2724028
26978370afb3,3,0.34671035,1.1912025
26b070e80ae3,2,0.37750262,1.2797995
26fa7ce480df,2,0.56594145,1.1294422
270a532df702,0,0.92086565,0.32311922
273a341b5144,0,0.94078904,0.27077353
27c3c04811b6,2,0.51293457,1.2159313
28051dcc7861,2,0.5839964,1.072007
28079fa5dac3,3,0.43215975,1.0936818
2818509e0fb4,0,0.54546237,1.0113729
281c50ee8d6f,2,0.3644629,1.1701874
287613276673,2,0.42617995,1.2615273
2884eb727858,1,0.58753395,1.1185209
2893b2a3cdfe,1,0.6628723,0.90169036
28cba3df4fa9,0,0.5365526,0.9887123
29003528aadc,0,0.435911,1.2285705
291069435ace,2,0.4427188,1.3506782
29112729cdc0,2,0.52895105,1.1727655
2917c28c46d5,2,0.4256153,1.2192695
2936da8f3f2a,4,0.44511086,1.2841561
29749f55270d,2,0.37517256,1.177419
298da7a521cb,3,0.3633338,1.1369174
29ca7f9cb14a,3,0.4082709,1.1491442
29cb3c00c82e,3,0.5944137,1.0044974
29cdebe47a49,3,0.502949,1.0427032
2a153b1c0d2e,2,0.48402166,1.2236489
2a18955eeb41,2,0.37370902,1.2114012
2abf36e59970,0,0.99182194,0.052402396
2ace14876108,1,0.48905095,1.2116467
2b3edeb756b9,0,0.7373788,0.6543642
2b62b5a21668,4,0.37073892,1.1416744
2b6f28934445,2,0.55936193,1.1226418
2bb39124c823,0,0.546827,0.80701274
2bd279f7c431,4,0.36855227,1.2550942
2c2b9c974ca7,2,0.46379155,1.2910668
2c739d725e5e,1,0.45005322,1.2120736
2c754e336552,2,0.71768886,0.8963997
2c76697bd479,1,0.47127205,1.0896653
2c8781c1089d,2,0.43104315,1.277664
2c8d36e41efb,2,0.3551956,1.3411896
2c931e49bc58,2,0.43695194,1.2807109
2cb697cbcb0b,2,0.39725584,1.1255152
2cdd4f04b914,0,0.7245804,0.8678643
2ce3c3451e86,2,0.5711268,1.0871196
2cea0d33d7a2,2,0.60287297,1.0534468
2cfc3041caca,2,0.399057,1.1512882
2d250a5030de,2,0.523286,1.1480541
2d49bf3d67db,2,0.44396323,1.1973766
2d6246da3909,2,0.40866104,1.1436617
2d639c269faa,3,0.40129653,1.219465
2d64c36a319d,0,0.9812211,0.0960811
2da814938e0a,1,0.48786274,0.9840708
2dec44360855,3,0.4127845,1.1421179
2deec95bbee7,3,0.47469902,1.1089722
2e1c2cb1850e,4,0.5146603,1.1707397
2e4c87ecc92c,2,0.40110254,1.3426771
2e6a99e1df80,3,0.37847394,1.2666192
2ea138c85bb1,2,0.51969844,1.1984394
2eafcdec6ed9,1,0.38534293,1.3067865
2ec041fd9a0c,4,0.577644,1.1256391
2ef886fa090f,2,0.475247,1.1474832
2eff10731599,2,0.50162345,1.222558
2f032374b797,0,0.71684474,0.507975
2f042d9c1376,0,0.43723398,1.0152701
2f0e943c8ddc,1,0.35117334,1.3838669
2f2920b82e56,0,0.5385017,0.9776535
2f31f6d5f7b2,2,0.5627982,1.1094038
2f346c794823,4,0.4393724,1.2184014
2f5824d3365c,2,0.5733889,1.1245902
2f906addeb38,1,0.3413908,1.340552
2f9a5d2c4ee5,2,0.43559647,1.1236731
2fb539602f57,2,0.37523648,1.1631788
2febc332f628,3,0.36700815,1.2336578
2febce215663,0,0.72926027,0.7393767
2ffd44200e6f,0,0.58877087,1.0789868
3006fdc07d57,3,0.35555476,1.2174791
30376d8cde4e,1,0.56714803,1.0420759
3040ae4067b0,2,0.48012328,1.1402574
305635aaec8a,2,0.6040612,1.0003268
308924f570d7,2,0.4529554,1.2763445
3099467aeef2,4,0.44280306,1.2489601
3099f71a8760,2,0.59684515,1.1053625
30e384252334,0,0.9787766,0.10904248
315ca7df2c04,2,0.5385021,1.1688397
316f294f35ad,0,0.8887674,0.42550474
31825463d1e3,2,0.44050556,1.2271984
318330f2d44b,2,0.4650367,1.2451086
31a6e9b91de3,1,0.68645084,0.9424636
31d79157e7c4,4,0.31996098,1.4721931
31e9b7060c33,2,0.4493732,1.2188584
31f1684bfa1a,0,0.6670834,0.8116871
31ff4e7d7d09,4,0.51966417,1.151478
32180eca093d,4,0.57256496,1.0397818
326808142745,4,0.36175725,1.2530901
326f05b4fef0,0,0.9871005,0.07887982
32bb537f9dec,1,0.43822306,1.2465165
332770e3dd42,3,0.4128201,1.1521351
33712f0c55f1,0,0.5141872,0.8670517
3382ab75cc96,3,0.55978626,0.99130297
3393ee9e7f29,2,0.50025237,1.1666178
33a0fb5161e1,0,0.9120571,0.36761394
33b59700691d,2,0.59928304,1.0135639
33cd1f67204e,2,0.4334301,1.1672558
343b1abb81a0,2,0.35339278,1.2943312
349ab243e75c,2,0.38505223,1.2277933
34de3550c1be,0,0.34771428,1.367086
34fb98396a24,2,0.6189302,1.060148
3503d1413125,1,0.50785625,1.0982097
351aba543dc8,1,0.5090394,1.0081813
352fe3e5b3fe,2,0.4453617,1.2889836
354003bb216f,2,0.48349985,1.232826
354a0e7a60e2,2,0.5550734,1.153006
3575ff59acc0,2,0.44975677,1.177283
35c2442a20dc,2,0.3582639,1.3008682
35dbd229cfa2,0,0.37780374,1.351434
362ee624995d,2,0.52075064,1.1912936
366e5c14a7d8,2,0.40784413,1.3569927
3670a39e7026,0,0.63424224,1.0078968
368271b942fb,4,0.44375485,1.3476558
36b9b2f23905,3,0.42405885,1.1778101
36d1ae1fcf8d,2,0.41266194,1.2351398
371a90136a15,3,0.41309595,1.1329856
3738406eb0f4,2,0.34998196,1.3483654
37e7e09c2d93,2,0.47583216,1.1393124
381be90b1dc0,1,0.6130643,0.8082039
3832a69f943a,2,0.5036114,1.233435
38496a64a658,4,0.44697085,1.2087941
3873e0266b94,0,0.37443104,1.3269083
38b53cec399f,1,0.70688283,0.8710149
391b1802dfb5,2,0.48211202,1.2136908
3936578169d1,0,0.48246592,1.1280135
3943a494fb0d,0,0.5020409,1.0737354
397ffea483ef,1,0.6490255,0.9895274
398817adaf16,3,0.46148014,1.1296041
39a7cac6ac9c,0,0.9256522,0.32510307
39b48b299c45,3,0.48065266,1.121249
39b6a6761d64,2,0.52270085,1.188391
39f82967009b,1,0.41991502,1.3449152
39ff5807f582,3,0.35427612,1.1957109
3a1bdff4e304,2,0.38198745,1.3477129
3a23f37fc79e,2,0.4527687,1.2860258
3a2b37343edd,2,0.46086702,1.3028696
3a2f02646df3,2,0.4276802,1.2571195
3a3b00bad960,2,0.29485875,1.5534841
3a3d5ebaaec3,2,0.64070755,1.0247593
3a5d6cc796f1,2,0.63979816,1.0232905
3a70c2d49381,1,0.43424696,1.322567
3a8bcee20143,3,0.41205806,1.0441588
3a9890cf2440,2,0.38840064,1.1887954
3b8f78e1767f,1,0.40731016,1.2257736
3b9ee705c750,4,0.37689576,1.3046429
3bab6c115f7d,0,0.9303045,0.26620108
3bab7d408b23,1,0.3179926,1.2416807
3bbea0616bdc,2,0.345894,1.3012369
3bee147be104,1,0.6318846,0.993458
3c142c3f33d7,3,0.4693027,1.0645448
3c1d461434eb,2,0.63133335,1.0566797
3c21f8d1fa62,1,0.51380694,1.1899989
3c2796e8e8ff,0,0.9564041,0.19529437
3c297a4f0464,4,0.5461671,1.0323454
3c4329778c68,2,0.55270475,1.1054602
3c6bee77688a,2,0.65695155,0.996405
3c9cd9224d05,2,0.44608697,1.2916241
3cc1ca3e086b,2,0.370079,1.3570592
3d2e3e4113cc,2,0.56615716,1.1377617
3d4d693f7983,1,0.4089099,1.2083919
3d83eba14bd2,2,0.34610638,1.3555143
3d913f289d77,2,0.62780297,1.020817
3da4e0e38f17,2,0.6178442,0.89655304
3db49b4d5a7f,2,0.39810282,1.2392628
3dc26a50270e,1,0.4059991,1.4249688
3dd629fd6d09,3,0.45646572,1.1629012
3df3c5e97663,1,0.6774386,0.7528733
3dfe134d5d1c,2,0.3989539,1.2546793
3e2ae41e0730,2,0.3947329,1.2483628
3e4d4c1674f1,1,0.35258746,1.2115195
3e7fc52c3541,2,0.3774565,1.249615
3ef3056cc3d0,2,0.562874,1.1723528
3f007a2060c0,4,0.34553686,1.2342513
3f03980754e7,2,0.42772746,1.1169374
3f3e750580d4,1,0.33056632,1.3779044
3f42e760cc3e,0,0.9400219,0.2535972
3f5420546cba,1,0.5061574,1.2573785
3fa9277a3780,1,0.6452895,0.97473574
3fd59954189f,0,0.43696243,1.283282
3fdbdbc04be6,2,0.5440298,1.1250141
401279eb879a,1,0.34858918,1.3132558
408ea007f294,2,0.4180626,1.2261956
40b4ece7bd32,2,0.39845318,1.4377334
40d7a111ee7c,2,0.38305894,1.1865824
40ea59a0228b,2,0.3884642,1.3019532
41031e40b326,0,0.5675646,1.075521
411ee15ad4cf,1,0.54104316,1.1038358
412d9433f93e,1,0.38311487,1.2908572
41484b672eb5,2,0.4910872,1.1858339
415c2ea2b6a9,2,0.53761405,1.1115639
41672ba8bcb1,0,0.64280385,1.0526513
417d3908ee21,2,0.38903588,1.2386029
417f1709a8a2,3,0.37873507,1.2565482
4180f7f0c182,2,0.44307342,1.1888393
419bb68a1ee0,3,0.43444902,1.1050186
41cc795c4acd,4,0.67977405,0.8799819
42442bd02e81,0,0.6907019,0.90933
4247b91698fc,3,0.40323505,1.1679484
427110b0a05e,2,0.56641614,1.0735172
427264c3232d,2,0.50608414,1.2130251
42a25af5ad7e,2,0.4630087,1.2769318
42a390ee5583,2,0.4842546,1.1585134
42ae83e0089b,0,0.44532472,1.2357419
42bef0737ac1,0,0.926009,0.3215331
430436d78a9f,2,0.59818786,1.0995402
430613d6ba11,2,0.52206206,1.0552819
4306b1965385,2,0.48796162,1.274739
431e6e79e394,0,0.90679437,0.38739786
4337e1114ad0,2,0.6551124,1.0154257
434e10fa0bf5,0,0.78698665,0.5917603
436651e030cb,1,0.40600243,1.4237548
437fa52cb1cb,3,0.42343846,1.1741965
43c1d80cd2b2,2,0.4540589,1.1811059
43c7740f646a,1,0.56679857,1.2183924
43e0368e857b,2,0.33341354,1.3719574
44191b514dee,2,0.48131952,1.2730992
443b96e2e048,1,0.48630556,1.2255337
44477c53f3d9,2,0.45623976,1.1730062
445fec0912db,2,0.41244632,1.32883
446d2a4606bf,3,0.42970824,1.0835541
446edc2b054f,2,0.40008873,1.310734
447d8e8f446d,2,0.516012,1.1860656
448c1f328542,4,0.4546985,1.1152375
44c7a0b9820f,0,0.377448,1.2011881
450e2a692142,2,0.4721133,1.1292509
4541683880a4,2,0.42095327,1.3074685
456b6a5827d4,4,0.3285231,1.2874159
456c55e0d8f9,2,0.6894133,0.9542807
4578ed5eeb9f,2,0.67272174,0.982712
458b2446e3dd,3,0.44904178,1.0582424
45ca3fb3bfc5,4,0.34256822,1.3174613
45f34a152021,2,0.42060533,1.1819174
460bc010f96a,3,0.44552875,1.1110035
462507c543fb,2,0.43111983,1.2426891
464c22b720ea,4,0.43122834,1.1520557
464ee4a542b0,2,0.42782775,1.2711347
4686020fa0c6,2,0.43253762,1.1242144
469dd4c920c0,2,0.3622563,1.2922864
46a654b6a3db,2,0.44750667,1.2403023
46c4fb9164dc,3,0.42432156,1.1372926
46c9512ebcd1,2,0.3880422,1.2474363
46f933bbe3cd,1,0.39842677,1.1934745
470fd63322d1,2,0.54798335,1.0280997
471ff7e04b2f,4,0.39397436,1.1166062
47b9790a76b3,2,0.4140829,1.3136299
47bd700f47ee,1,0.70879114,0.91917765
4810eb8e7c88,3,0.50175804,1.0507511
481657080d8b,0,0.7830278,0.69733393
4818612e32d1,3,0.5164953,1.0714253
4824f100624c,2,0.32378235,1.3517342
4824f6db2b82,0,0.92124975,0.29595453
48530f602b11,2,0.40049696,1.2990954
4890c8e4f897,2,0.4226194,1.138037
48b280688d0d,2,0.49953976,1.2035807
48c30363529b,1,0.52391577,1.2098958
48cc693a081d,2,0.33818904,1.3498268
490c7597892e,2,0.35885587,1.3618519
4929dea59cb7,1,0.24558048,1.4768575
4944b1de8817,2,0.39690846,1.1509155
4947431500d5,2,0.30327696,1.2987338
494db7a542a8,0,0.76880187,0.7725463
495b3b3cb438,3,0.52823734,1.049629
496039c25f39,2,0.42528448,1.1306169
49897ae73aa9,1,0.5489318,0.8027569
49a027e2cebb,2,0.51766956,1.1303698
49a91567632e,2,0.44838554,1.2883373
49af6f1390b9,2,0.6664863,0.9054516
49cb7972e2a2,3,0.49267942,1.0423383
49f6ffbc8356,0,0.3488968,1.2937748
4a01c849bdeb,4,0.691629,0.9039053
4a51e72940f2,2,0.42921624,1.2303616
4a5aad82e737,1,0.775498,0.7337818
4a6795dc22f9,1,0.4638157,1.1601233
4a7b0751d94e,2,0.47938377,1.1685469
4abdddd0b247,0,0.955159,0.21117094
4ae1cf32388b,3,0.39411658,1.1176817
4b47ed879207,2,0.3661086,1.2793553
4b4c0a15473c,1,0.3616055,1.3853009
4b62fc358248,3,0.53303474,1.0601493
4b83fb74c2a7,2,0.4276332,1.1534084
4bf29bca6018,2,0.40594482,1.1942456
4bf97a2f0398,2,0.47788596,1.1968017
4c49594c40c9,4,0.81549597,0.6359828
4c4af41533e1,3,0.3690511,1.1366127
4c70b2944d9e,2,0.39056185,1.1606619
4ca3eaf3493f,2,0.59017336,1.1201675
4ca4c2b18a48,1,0.6488466,0.9166254
4d00167f2d05,2,0.3911038,1.3652059
4d32f2284293,2,0.41450304,1.3519374
4d6333d41069,2,0.51721776,1.0626953
4d64a0fe8b2b,2,0.64953846,0.98862284
4d80c835d862,1,0.36033672,1.4101782
4d8cb0caa08a,4,0.40147957,1.1721294
4d8e6a111b56,2,0.39758855,1.2515135
4db635ee7440,3,0.6866201,0.8508946
4db82094e4a4,2,0.43676153,1.2821711
4db841b2ab70,1,0.5020059,1.1722763
4dc102e8d716,3,0.44461995,0.9841787
4dcc7b517c26,2,0.63504493,1.0422938
4ddfe4a87b11,0,0.39249894,1.225282
4def7bc721a9,2,0.47252727,1.2111213
4defa0f6e0aa,0,0.69047713,0.89125764
4df7349f0806,3,0.5232948,0.9952817
4e545daf0236,2,0.60715836,1.0920147
4e609a790d75,2,0.432458,1.267864
4e8b41486289,1,0.4741971,1.3186617
4ec759a78c5d,2,0.42414117,1.1655092
4ed925492ea1,1,0.4078855,1.1399081
4efa03e7d043,0,0.7391654,0.7532012
4efcfde6a0c4,2,0.5051082,1.060434
4f857f0e33e5,0,0.97007036,0.15934601
4f903dd3f420,1,0.35381377,1.3037355
4f985a7320d9,1,0.51726764,1.2305918
4f9f6984a2f7,2,0.54348004,1.004635
4fa9722572c0,0,0.7568856,0.74483013
4fb39a052f74,0,0.93937427,0.25179368
4fbaf91d94fe,2,0.5306874,1.1779053
4fdd1ca8bd89,1,0.49749774,1.2932863
500586e31827,2,0.5051998,1.2331421
5022c0563335,2,0.4462329,1.2185705
504b7e01be96,2,0.4987842,1.1374195
507be4c76d8b,3,0.46079904,1.0089856
5092d7fc1392,2,0.45619884,1.2647169
50dab20a4ad4,3,0.5499251,1.0494305
50ff3607fc26,4,0.41769105,1.2493774
5110fe0bf9cb,2,0.39435086,1.3645822
51169b298d9f,2,0.35505232,1.2954103
512beaada8f0,2,0.33969036,1.3135345
51323e9d2070,0,0.6987467,0.78097594
515675001b9e,2,0.5410077,0.9811041
515877da2def,1,0.41884413,1.1155531
5168ddccea88,2,0.4155952,1.3003778
5172c056a687,4,0.56812084,1.040598
5177461f5339,3,0.50736976,1.0901611
51910bcb980d,2,0.45809588,1.1762077
51a3e9b6a1c0,0,0.7772394,0.633916
51bbd82feec8,2,0.38658977,1.1912141
51de5fb8eccd,4,0.37321693,1.1640399
51e88694c81f,2,0.49324432,1.1353972
51f0bf8f1544,0,0.42522287,1.2211642
51f57fb32840,1,0.36836448,1.2942889
51fa42dc1415,2,0.5433838,1.2365401
5276ab33b7b0,2,0.58923995,1.1444591
52a353760f72,1,0.3929656,1.2913659
531937254e73,2,0.47229362,1.2684224
5325b1c22c61,4,0.452101,1.1482027
53959e0a750b,2,0.47466078,1.2324514
53be22c72713,2,0.32528654,1.2233537
5400549bfe76,2,0.47209233,1.1275213
5416642e06dd,0,0.70025647,0.74831235
54377de41c97,2,0.4402224,1.2618024
5450ee92dfc6,0,0.99727803,0.020838376
54b6b91249ad,1,0.35832343,1.2668035
551f1e4e2763,0,0.8234146,0.5814745
5544449ac18d,0,0.78960353,0.6331485
556c2790a2e5,2,0.56802905,1.1318266
557be0cf8e49,2,0.45725283,1.145416
558664213d06,1,0.48733348,1.1054276
5595883f47f0,1,0.607487,1.0881817
5598165adbff,3,0.4755826,1.1156976
559a719e403f,2,0.33935267,1.3441553
55ab23df5fa0,2,0.5383415,1.0986226
55bae08492c0,2,0.61859244,0.9763359
55c5356d96f8,2,0.5024244,1.1094522
567bfbf30117,3,0.52146477,1.0734295
56ad22ef1012,0,0.7059199,0.8802946
56ef3b79e31f,2,0.6793575,0.9630337
570982b0dbf2,1,0.41008067,1.3206055
571ab04c9e87,4,0.59641564,1.0590296
57327f5c7d71,4,0.35219052,1.168746
57cbd5909e16,1,0.54047227,1.1856401
57d5d0d42cac,1,0.40940404,1.253511
57e7e85b6bcd,2,0.57707375,1.0798568
57fa1bc682b6,2,0.38710037,1.1912931
58392bb56fad,2,0.4184664,1.2804226
584dab56f2c5,1,0.76253766,0.8255016
586eba507c88,2,0.39227256,1.2836856
587e6a83a90f,1,0.41550508,1.4113249
589747aab826,3,0.45373636,1.114918
58a536e6fdde,3,0.44914255,1.1035913
58a569759348,2,0.46413365,1.1935025
58ab162bfc89,1,0.30954754,1.206145
58b740608ded,1,0.5818472,1.151283
58d6d0115c72,2,0.52816844,1.1094462
58ec1c8ed8b1,2,0.48224553,1.2233319
58f0807d2297,4,0.66878206,0.9058916
5953417e4750,4,0.3564946,1.2142724
5971c10c1465,2,0.48575982,1.224397
59738e82c527,2,0.446731,1.084342
597ab119ba6d,0,0.5158824,1.1875196
59abc465e159,3,0.37087798,1.1157234
59e7f9e69044,2,0.3768041,1.3635325
5a1dd8fa44e9,0,0.83141196,0.5627249
5a311e3e8979,2,0.5371173,1.180799
5a66a5abdec6,1,0.6352907,0.9534875
5a6a2c8cdd35,2,0.34032348,1.3514423
5a8dbaf0e001,3,0.4815845,1.1023734
5ab71d422459,2,0.58495176,1.0978254
5ab9e78b45ef,2,0.38859883,1.253784
5ad2ca6d422f,4,0.38582045,1.2654712
5ad469f293f7,2,0.4783031,1.2675953
5add6f0b6b82,2,0.44280416,1.1798849
5b04aa895c31,2,0.5252821,1.1373209
5b18feb15d84,2,0.48344913,1.1782085
5b27368c6983,4,0.44735414,1.2780689
5b42aa87662e,2,0.36676604,1.3068912
5b79366b7eb0,2,0.3875865,1.3047866
5b7aec374735,2,0.45122728,1.2410781
5b7e38adccf3,2,0.40424076,1.2176054
5b81f6394a99,2,0.40305272,1.2735001
5b931245433c,4,0.43181935,1.1211743
5baaa0041555,1,0.58688706,0.9742236
5bd9e507ed71,2,0.48356038,1.163271
5c081b9e1c7f,1,0.5374692,1.1462425
5c1ed0268157,1,0.6934096,0.87282026
5c3872c226bb,2,0.45929104,1.2202387
5ca89ec3c507,0,0.46234292,1.0962393
5cbc7df5a21c,3,0.5742003,1.0319399
5cfc10f6114c,4,0.6805676,0.94502485
5d26d29704ad,0,0.8922758,0.4217317
5d2e1e53b383,2,0.60629416,1.0874091
5d3d0306074c,2,0.542127,1.1777027
5d3f125976eb,4,0.40844545,1.2703538
5d443c9e3d39,2,0.61974746,1.050785
5d62c37386fc,4,0.44328332,1.2288558
5d6b9a2fddbf,2,0.46195608,1.1708053
5d97ebd575cd,3,0.38800716,1.1745164
5db032900d31,2,0.63920575,1.0571092
5db5832b333b,4,0.4370312,1.1447744
5dc52ff46300,3,0.48318544,1.0580795
5de19dac4ac3,0,0.724586,0.65989596
5de413ba9250,2,0.40302056,1.1562093
5ea81ad2e8f2,2,0.6129204,1.0454663
5ebc9dbbe79d,2,0.34852687,1.3929571
5ed96c970a57,4,0.35976544,1.2939273
5edf6828c280,0,0.5235938,1.0203612
5f06b715ea24,1,0.6596297,0.9600097
5f158adf5bbc,2,0.3725621,1.1510311
5f4dec014acf,0,0.4537789,1.373431
5f84992353f8,3,0.4736607,1.1313419
5fa2f89a0ec2,2,0.42236012,1.1658211
600afae2d4e9,0,0.79458076,0.5530351
600b2b469a2f,2,0.531778,1.2101848
605359a98377,2,0.52879167,1.191331
607f40adf8b1,4,0.51740336,1.0364136
60849fa4a14a,3,0.4823315,0.96811265
60c6583fa35c,2,0.33143038,1.3519799
6124e6a4ad00,1,0.7929895,0.73971045
616a989990b0,1,0.4211793,1.1677479
619ce2c77917,2,0.50952774,1.1755896
61cd9c25c7d3,2,0.35666138,1.2220004
61ddbcedbc9e,0,0.949738,0.25026926
61ff3873c036,2,0.43598208,1.2033147
6220b43ea8eb,0,0.8645071,0.4701949
624ebaffb2ab,1,0.6451392,1.0452622
6263433f1991,2,0.45305705,1.2192886
626fe00f5cf7,1,0.46022254,1.3454195
627997ab6ba3,2,0.6422773,1.0247625
6290dba05950,0,0.83485746,0.5858913
62917dbb7858,0,0.86170816,0.5204848
62d9da36bd9e,2,0.40096363,1.3659495
62df7040b3df,3,0.40660277,1.1502286
6356f9dd9fdc,2,0.50735295,1.1385809
6365da11bf72,0,0.7279183,0.7357047
636997a49fcb,1,0.38972443,1.2711692
63826c56eeac,2,0.337894,1.3211606
638a49bc4928,4,0.51267123,1.075242
63dd40d7439b,1,0.5224894,1.1128569
63f3c188ccb6,4,0.60344404,1.0794563
63f6b0fe5bbf,2,0.62728655,0.9441454
643ff5d1f90f,1,0.528828,1.1721802
644f1ba18d8b,4,0.4116552,1.2478049
6466e474e048,3,0.4396432,1.0788332
64a4926e85b5,1,0.37148586,1.1881531
64a507309332,2,0.42355934,1.3104901
64d749faea54,0,0.52538663,1.0192075
6508c11c4785,2,0.6312434,1.0477619
65153f9ad387,2,0.5596488,1.1176263
652a1edabdb7,1,0.38530347,1.3988776
652a7d1e42cf,2,0.31852138,1.362101
6543b4168f98,2,0.5078034,1.2097151
657b8609f26f,2,0.49108082,1.2313769
659f752cb810,2,0.542179,1.1751044
65cf08a0ecc8,1,0.34224898,1.5018251
662785685674,3,0.46592745,1.0294588
66304c1099a0,2,0.42027265,1.0714967
667ec71b5003,0,0.66200477,0.96314466
66bce216e103,2,0.3818863,1.323987
67b614d32bcc,2,0.43950835,1.2782192
6825ccf0affe,4,0.42271328,1.0773169
682baef89ab6,2,0.4269579,1.2885838
6833ab2550c9,2,0.5961346,1.0949391
6853d1c8546d,1,0.47762504,1.215142
687856bd64a7,0,0.7631571,0.71644104
68823df37247,3,0.4660921,1.1650894
688ae4721ccd,2,0.5436375,1.1034687
689d028fe647,4,0.70618284,0.8951046
689d5626e98a,3,0.43774167,1.1888303
68a6c5d949f5,3,0.42970628,1.1105855
68aa38df13d5,2,0.396898,1.2184333
68d97772bd3a,4,0.5083217,1.1694095
6938b334d93b,3,0.43786883,1.1374294
697fb916ad18,3,0.43123704,1.0716255
69b3f1028e99,1,0.5403861,1.2453024
69bf0233198e,0,0.42530847,1.2758553
69d21c5c7dce,1,0.56147915,1.1694167
69f0ca93349a,2,0.50817645,1.2241728
6a0f21edb0d8,2,0.52071697,1.1912258
6a1ee951c1d5,2,0.27637273,1.3273546
6a27a25f7a0c,2,0.57490075,1.0902255
6a4936e83256,4,0.37602907,1.1578251
6a4a51e42782,2,0.435824,1.1102426
6a4ab4927ee7,2,0.51366603,1.2122896
6a54653ad12b,2,0.6378087,0.99404365
6a6b6dc586c8,3,0.38956004,1.1961031
6ad7b5beef75,2,0.35906973,1.3052566
6ae0afd18f89,1,0.4512659,1.2283686
6aecc3aa2de7,2,0.46921882,1.1339346
6afb888c1c74,2,0.5453156,1.1556275
6b26135a16f1,2,0.4121061,1.2451212
6b62d4aae182,1,0.46555224,1.2673832
6b7d26aea1e9,4,0.35032353,1.1964988
6c3053baeb67,2,0.50526476,1.2106922
6c96703bc565,2,0.5811642,1.1185216
6d0df0ec5fd7,4,0.41427666,1.1426787
6d41b03ce069,4,0.55670583,0.97291815
6d51db325a98,1,0.44045615,1.2592647
6d7f586a4f82,2,0.4249124,1.3340137
6dce3f20de26,2,0.40567675,1.2125715
6dd2dbd802ea,0,0.7433258,0.67923796
6e19f08344ed,2,0.6712166,0.9768236
6e239ecaad8d,1,0.44553566,1.2200475
6e2d7cee2d91,2,0.38719252,1.189505
6e2f3f746226,3,0.48660606,1.11358
6e48f854f7e6,1,0.4119317,1.2128309
6e56361bbd36,2,0.71317995,0.8860319
6e5887ae04c7,2,0.70926833,0.89263344
6ea2fc471536,2,0.6508266,1.030232
6eb52b81fa50,2,0.51345915,1.2145075
6ec54031d7ca,3,0.46869722,1.0774044
6ed92d0b2f78,2,0.4239863,1.2173198
6ed9e38a4239,1,0.42771703,1.3713967
6ef23497ea54,3,0.70896566,0.80552244
6f275262123c,2,0.5725237,1.1141623
6f43a3d1ed0a,0,0.6418163,0.8022419
6f5f99d0480c,3,0.42256317,1.2239022
6f8a7b6b30c2,0,0.48377508,1.2793607
7007d3ba7e79,0,0.64709204,0.6830635
70115c0f75cf,0,0.80605125,0.5736381
7015c532679c,0,0.7865542,0.60076916
701ac49e32d2,2,0.44169432,1.2846628
7031ca7c5ee1,2,0.42855173,1.2682462
704c6f80bb20,2,0.53110164,1.1916275
70a51d863a5e,2,0.39122593,1.1820759
70f660f46630,4,0.41542202,1.1076196
71047d5e7299,4,0.31444016,1.3502712
71291389a55d,4,0.43110165,1.1593562
7136203550af,2,0.48476797,1.2135584
716b001ba7a4,2,0.55256116,1.145615
71d124893573,4,0.7280989,0.79025584
71eba9a97184,3,0.4680768,1.0728825
720267b6630b,2,0.35951722,1.2759018
7205b4cbc184,1,0.3863107,1.2551765
724929cecee3,2,0.48917884,1.1396773
724afd41a9fa,3,0.5057319,1.1056888
72b8b473ffbd,2,0.41307074,1.2935252
72dd7ca97f55,2,0.5846235,1.1127541
732aa8f82078,4,0.41422734,1.2816273
73894f64bcb1,3,0.42964187,1.1078603
73a0917d732b,2,0.6083719,1.098922
73b897339735,2,0.45069113,1.284253
741ef20e5e28,2,0.3675912,1.4019053
74342f5181a9,1,0.42663783,1.2536424
74350fe494ba,2,0.50528103,1.2136456
7454c19acf81,1,0.35679308,1.253201
74b0edef5063,3,0.3539121,1.2255766
74b5ba54d7cc,4,0.35530108,1.3056697
74c97e963ca4,2,0.59811056,1.0457777
74df1775ee07,3,0.38926864,1.1324224
74fbfe8eefd2,2,0.49503547,1.2099104
755615db51d3,2,0.3861339,1.3240047
75b6ffa63525,0,0.94972575,0.21455386
75bca27c127d,2,0.4661557,1.2308804
75c6563ed058,4,0.4276952,1.2342826
75d1e729c75d,2,0.42531028,1.2146288
760f9f1cf5c2,0,0.5005266,1.1066949
7614373a95a0,2,0.51540506,1.1789048
762107ec466c,3,0.58060646,0.94249344
7635124f70f8,0,0.75634277,0.637656
763bfd250520,2,0.5893152,1.060689
764b9b51cd9f,2,0.4629732,1.26315
764e6ea355ac,1,0.37853009,1.2273324
767cf5fccd97,4,0.42610598,1.0975573
7690663d8171,0,0.8478697,0.4906958
76a1bc72e45f,2,0.5675943,1.0671813
76b15ed2d4be,2,0.41144434,1.3457649
76c854fde95e,1,0.68071216,0.892244
76d8e779d555,2,0.39662948,1.1628844
7715276d2551,1,0.43446246,1.1878248
77283954f311,2,0.38629025,1.2883556
7744ab973027,1,0.77321845,0.7842317
774cafde22b5,0,0.39642578,1.3168421
7754a10b07ae,2,0.38618487,1.2209697
7764e684c8d4,2,0.4724818,1.1166037
77978316c53a,2,0.39536017,1.2584288
779f70ddc126,2,0.3995746,1.2794211
77cf0d228a12,3,0.45770255,1.1239741
77f1ffe777b7,2,0.53580576,1.1610575
782cdccbdb1a,2,0.43608508,1.2693945
783b3787c36d,1,0.35001442,1.2916371
78747a58eabc,0,0.7632225,0.5531478
78816c91ac9a,2,0.5053752,1.2190799
7889e79f59f6,2,0.37889943,1.3180671
7898c981032a,3,0.5596223,1.0142219
78bdd1ecee00,2,0.42777094,1.2177645
78ce997489a4,2,0.48677158,1.2244238
791fbce04aa5,1,0.40223002,1.1948702
793ae37853b4,2,0.49472934,1.1021765
7959bb5d9fa2,0,0.8757342,0.40640154
79726ebe9844,2,0.40175334,1.2707844
79adfdcb827f,3,0.43938857,1.0315578
7a34808e1e70,2,0.32741874,1.272676
7a4d0a3b5e5a,4,0.42880446,1.2957934
7a5b1c716560,2,0.5074049,0.9891575
7a75f799ecaf,3,0.42191592,1.1523966
7a7f72b1c5ce,2,0.45541516,1.1599947
7a9b50cd9a1c,1,0.46911627,1.2295343
7ac156fd3932,0,0.68598044,0.74356633
7af3af7910a4,4,0.34259388,1.3510115
7b03611c6d88,2,0.59499973,1.1164508
7b17a0d85204,4,0.485507,1.1311136
7b66133d42cf,2,0.4582824,1.097299
7ba4225b323e,0,0.93353003,0.26448002
7baa6e053baf,2,0.52427137,1.0895563
7bafbda8b8f7,2,0.4616968,1.177252
7bebe5198246,2,0.41056618,1.2728481
7c0748d6d669,2,0.42056674,1.0621561
7c0c20cd8114,2,0.4539361,1.2123086
7c10eeb5f1ee,2,0.36923906,1.3432629
7c1d86c79903,2,0.45781535,1.05047
7ca07d02a1ff,2,0.55547523,1.1359041
7d15cfc7fc45,4,0.40109777,1.2228138
7d182df47a75,3,0.5116251,1.0434551
7d2243c508d8,1,0.5352658,1.1000917
7d353a9d3218,4,0.4203128,1.1264944
7d593a4da56f,1,0.69635504,0.9726221
7d67e38d7ba6,1,0.5036494,1.2193131
7d6ea897ee30,2,0.5332055,1.136474
7d747f8387a8,3,0.37474865,1.1916353
7d7cbd5ee1b3,2,0.59986615,1.0730343
7dcbbc17fe47,4,0.31615597,1.2814945
7dfc3db13445,2,0.5900534,1.098509
7e0ec22cb51b,1,0.50538725,1.199467
7e1f51fbb458,0,0.7211342,0.6370154
7e5b5318671f,3,0.33934683,1.206517
7eb119b81d16,2,0.55332875,1.1073065
7eeed2e26c9f,0,0.6934948,0.9202058
7f0920d6072e,2,0.34522325,1.3249071
7f3d521363ab,3,0.44450092,0.98625547
7f9c86406c62,2,0.4144745,1.3101994
7fa21762b1c3,3,0.35602093,1.1766672
7fe2cff51752,2,0.31334504,1.258096
7ffecef49237,3,0.57807964,0.9589993
805103f04fd6,2,0.37419146,1.2994353
808f32272dc8,3,0.42183638,1.1357082
80921264504c,3,0.3992444,1.1326436
80976eb17462,3,0.5130486,1.0967621
80aa9b30d2f9,2,0.3692902,1.1425025
80d85db5fe6f,2,0.49506378,1.1932406
80ffe924f95b,2,0.490228,1.1321266
810b1ef05d20,3,0.4408126,1.0849689
810b9603c241,2,0.67486364,0.95649636
8142cc87ebb9,3,0.43939835,1.1629432
81a9391f7828,3,0.37524524,1.2017214
81ed0c587703,2,0.5517749,1.1471969
8208638fc7cf,2,0.3684314,1.2910879
8214256b4e51,1,0.5401022,1.0295436
82515c8bfd5e,3,0.5563642,1.0065473
82566de7f4d1,1,0.45762426,0.99049854
828ad210e3e2,3,0.44659004,1.0712203
82a412dba6cd,2,0.4264236,1.095907
82cdbde2bd94,3,0.4397313,1.1445143
82eecce4cb86,0,0.6539772,0.97669524
8305107835c6,0,0.5671485,1.040046
831826087154,1,0.4548188,1.236831
8327efe946c2,3,0.4377424,1.1057756
836324a89d99,2,0.327921,1.2564198
836b43b8c125,0,0.49072486,1.1199328
83bd9d017f84,2,0.525005,1.1919438
83c31eeeca0e,4,0.53563505,1.2033747
83cfacba2dd7,1,0.51365817,1.153245
848091b1f5d0,2,0.40100908,1.3030237
84acea0b8a00,2,0.41837502,1.3044019
84eff2a86662,2,0.45405835,1.2578274
85035afa9b10,2,0.4853149,1.2258308
85105e9ab635,1,0.26135615,1.499239
855d60689040,2,0.5582238,1.0361687
85601f22d90d,1,0.44702977,1.2750912
8571e10b7294,3,0.5738973,1.0256268
857e2dafc6d0,2,0.7219624,0.8274196
85ceca982305,2,0.64748967,0.990188
85f608bcb50a,2,0.48947734,1.2352738
862cc91ef3f0,3,0.680592,0.8495043
8634cfaa63c5,0,0.5808371,0.7586206
86683eb8921e,4,0.3456422,1.2505811
86c179395e2b,1,0.525733,1.0947958
86ca8c8d563d,1,0.5081533,1.1101526
86fd5df366b2,2,0.5650566,1.1724291
87252c491c19,2,0.4581519,1.228163
872d2097a7ad,2,0.467842,1.2343982
87487c4c4ddc,2,0.58392113,1.0527722
8750b8bfe28a,2,0.5433454,1.1241423
8798cccbcb0d,2,0.38698366,1.196274
880eacc5ab23,3,0.36481386,1.2013047
881ab102a44e,3,0.45029554,1.1318063
881c69e5dcd8,1,0.57784003,1.0177046
887b4413f87c,3,0.4700316,1.0492536
88e0bd76f4c9,2,0.5002586,1.2334387
88fda3e06e05,2,0.5551018,1.1199452
890dd0b1921b,2,0.6018863,0.95412606
8914493483f5,2,0.31246814,1.2840267
8927a914c9c8,0,0.637444,1.0395501
8930d35c9076,2,0.54051363,1.1318676
8938eb4d9c63,0,0.8364746,0.566259
8939b6701f96,4,0.58196044,1.1460634
893b140bd358,1,0.732669,0.79740584
8943b2b8c8ea,2,0.5065841,1.2122667
8944ffa47333,2,0.4907504,1.1387745
896c75533897,3,0.49939364,1.044209
898232c36d81,2,0.49673137,1.2354748
89a37093baa9,2,0.5595366,1.1417301
89f1314e2c10,2,0.48869163,1.2108421
8a177340ac5a,4,0.52286094,1.0520877
8a1791bd2bb0,0,0.7367326,0.76718986
8a2b969112a7,2,0.31133175,1.3183191
8aba1a000d36,0,0.8308771,0.5840024
8adf13f4fc16,2,0.47846514,1.2655069
8ae672ef2f60,4,0.39081436,1.2883456
8afe0b63efa5,2,0.5145299,1.1718231
8affa9a1fecd,4,0.45225972,1.1811123
8b27d742f971,2,0.31339556,1.3396575
8b83f4b2d1a9,0,0.44952926,1.2536201
8b840ed255d8,1,0.40885347,1.2886968
8b96e506768c,4,0.38108614,1.2810361
8bb4dfa61806,4,0.4546627,1.1801966
8bbef4ac9702,1,0.5065352,1.2545445
8bdd17b5974b,3,0.41189164,1.1387161
8bdd3a1895c8,4,0.5317583,1.0239677
8c0f725874af,2,0.56012225,1.1332544
8c41de06d44e,2,0.60687,1.0808408
8c45490f701a,2,0.42905292,1.2907703
8c49d9de02d6,2,0.4543377,1.284157
8c4b2c26e478,0,0.31238517,1.3867257
8c4bb8e93f24,2,0.5703749,1.1418916
8c6ccbe00895,4,0.28947452,1.4944003
8c9cf6f116be,4,0.32405153,1.3042057
8ca8da22d961,2,0.7587248,0.8111113
8cbefbaed16e,2,0.47024855,1.212269
8cf4258bd346,0,0.48501784,0.92072976
8cfa1b047c34,2,0.4116908,1.2384344
8cfe2de3e7f4,1,0.70528984,0.86540973
8d01494c2821,0,0.465048,0.98327315
8d0bcd4ebff6,0,0.93794566,0.26809564
8d72498b9e30,2,0.46111774,1.2790883
8d892f6b5976,2,0.57223,1.1741331
8d955a3d9286,1,0.4963196,1.1707666
8daed4c00661,2,0.574578,1.1573284
8dc530ad4a1e,3,0.42117733,1.1322901
8dd1c698ae62,0,0.964025,0.16605005
8e4cf64ec035,3,0.49887246,1.0147002
8e83a8ae27cf,1,0.44870296,1.0042355
8ea5698a1619,2,0.5300241,1.194921
8eec629c3c8b,2,0.4274462,1.3151743
8efd5ed7c4d8,4,0.41751513,1.1853001
8f4612fa90aa,3,0.4997726,1.0381
8f4ffa0d4f74,4,0.55027026,0.8974962
8f874a9724df,0,0.5836873,0.8813211
8fb196f59171,2,0.73000425,0.8723448
8fc5d55a4ece,2,0.58241713,1.0294676
8fc74bd50fcb,1,0.369163,1.275697
8fcc91d6e28f,0,0.6953575,0.78942853
8fdecd6a923d,1,0.4391536,1.2935727
9003ab48ebb8,2,0.46224824,1.2952306
9006234e30cf,0,0.78104085,0.7301979
901028c2b54f,2,0.469766,1.2413313
9031d62a6efb,3,0.55184555,1.0252993
90c98069e6f1,4,0.59570575,0.9956595
90f3a3addf92,1,0.35225996,1.2541983
90fc89319207,2,0.5922426,1.0634279
9156e3f3a878,1,0.39399642,1.2124226
91705661f6a8,3,0.5325792,1.047102
9193a240b495,1,0.37124342,1.288348
91b81018ff9d,4,0.4814263,1.176186
91cb9f86e456,3,0.53819937,1.0580819
91fb0a2a63fd,0,0.75609046,0.78947127
91fc4b2b8c1c,0,0.5774207,0.9756819
91fd830b7677,0,0.55225956,0.9553939
9215a3ce482b,0,0.7645478,0.615664
9240b949fdc0,2,0.49426627,1.2086474
925967c408c7,2,0.46032268,1.1909583
9266068354b4,0,0.8463106,0.50875497
9285ad837947,2,0.34462613,1.2504163
9295bc2a4c7a,3,0.39682728,1.1206977
929ae04a77a9,1,0.5126535,1.2098849
92c773457ab2,0,0.5616998,1.098425
92eb43fbfd8b,2,0.5281213,1.1741028
92ebf5417491,1,0.47256532,1.2347602
92f5e1793a37,3,0.40996248,1.1772182
9305aafdde3d,2,0.51937354,1.1353407
9311beca06a7,3,0.5143149,0.85294265
93220677378c,1,0.45870382,1.2392807
9324f4ff95d2,4,0.4841318,1.1682053
933724df128e,4,0.5197117,1.22917
9375f39522ab,1,0.39123377,1.2869091
938a59f04582,3,0.4547515,1.0787216
93aa0b383db9,2,0.36779642,1.3489817
93b480980afb,2,0.33098286,1.4429586
93c1af8b625c,4,0.45957953,1.0803894
93cbafc82f37,2,0.5498712,1.1292684
94017cfa574e,0,0.8305516,0.5886799
94281fced6bb,3,0.47274524,1.0517192
944678405e5e,3,0.39273095,1.1906462
948c75fbe02f,3,0.47212404,1.0400966
9496a9b6c38e,2,0.3676226,1.4478121
94a6e4f3c625,4,0.33665496,1.2685649
94fac9bf79e0,2,0.38230532,1.0659857
95485b752436,0,0.49625444,1.0454575
95753b394d4c,4,0.34282255,1.3980486
95838f27bb23,2,0.40192622,1.1901468
95c3558dc279,0,0.7648853,0.80080336
95dafd1d5f47,1,0.5235776,1.2923943
95e13f31b451,4,0.34773588,1.2779503
9600b8ad9d49,0,0.5064443,1.0537077
96261748266e,2,0.5045866,1.1661727
96602edec13c,3,0.4571275,1.1307137
967b01064b9c,2,0.420646,1.1262076
96a3a01f0522,3,0.42070246,1.123015
96a8532d5bc5,2,0.524686,1.1571229
96c199f2afcb,3,0.5149125,0.9968645
96c21d31212c,0,0.8713442,0.46023846
96c3445bf5cd,2,0.26917177,1.5390368
97168872e4de,2,0.572021,1.1374551
9730d08edebd,1,0.6673014,0.935033
9772f0ba0ee7,2,0.5810412,1.100949
978eaa69ae93,2,0.65972465,0.99123603
97c4f207ae56,2,0.5531784,1.0855685
97cc3916d882,2,0.4283331,1.2225873
97f6cff9be9d,2,0.4570833,1.1431453
980b5ca190ce,0,0.7700845,0.610396
981115ef58ed,3,0.43923244,1.0649819
983b3a401c9e,2,0.5555848,1.1541737
983f2756d8be,2,0.5364127,1.1840788
987f80393a5a,1,0.5056529,1.2534888
989379d3303a,4,0.35467058,1.2666967
98b2af334295,2,0.49988723,1.1207368
98b46d9f4731,2,0.553887,1.1370873
98c2c42a0317,1,0.345188,1.3605852
98c3ff1b4001,2,0.5048724,1.239979
98e2a0c2238d,3,0.5272347,0.8212859
98f7c1cefa4b,3,0.51896,1.0752559
990c506d8de0,3,0.41665936,1.1732703
995eb7091756,2,0.5281354,1.2037672
99b0bee3bca7,4,0.37638274,1.0387081
99b5603c3ddd,4,0.5248503,1.2119358
99b6b8ecbcfa,0,0.54204077,0.84928465
99c6cf808e47,0,0.8758663,0.48839894
99fe5175a56f,4,0.36839917,1.2551425
9a33293f90b5,2,0.369605,1.2558525
9a36c6d23fe8,2,0.37004262,1.3485695
9a514aa26e2f,2,0.38246974,1.3407257
9a7e2e8fa01a,1,0.4009083,1.3180891
9a9091fd7806,4,0.4119268,1.1721631
9aaf74b298c2,0,0.49072608,0.91444093
9ae71f3f62d1,0,0.5484167,1.0306062
9b325a96f41a,4,0.62767065,0.9247286
9b4b809730ec,2,0.3799243,1.1785867
9b5f62614c14,1,0.5267232,1.124098
9b9907171049,2,0.45169574,1.2486602
9baaa9117adb,3,0.46831733,1.0996879
9bd683e16325,2,0.55805266,1.0481617
9c27b212d50b,2,0.49649054,1.2365487
9c2c32cbda5a,1,0.40956753,1.3314378
9c5ba656e978,2,0.43768245,1.2701514
9c73a69a7911,2,0.38744634,1.2530859
9cd7e434aa47,2,0.4498662,1.1320385
9d19500e74c9,2,0.48894796,1.1902639
9d2327e95076,2,0.44969845,1.2156156
9d3000de91bd,2,0.45840946,1.2859889
9d5061ccc54c,1,0.53129584,1.1244861
9d71c73256a8,2,0.4292302,1.3851087
9d9de8c9afb5,2,0.4335664,1.2925068
9db8a8b68de9,2,0.50460994,1.1998119
9df628dd2d68,2,0.37918073,1.2987192
9eabe2bdf1e9,4,0.45213562,1.070107
9eac62719123,4,0.34162664,1.3797749
9ec84fe4292a,3,0.3433973,1.2993321
9ed194d1942c,2,0.459107,1.0860462
9ede102f5e7b,4,0.4938573,1.1423118
9efba19d237c,3,0.4124175,1.1886327
9f124cfb3f5d,3,0.42617756,1.0897863
9f1af957139f,2,0.4000629,1.2599397
9f2317a63b63,3,0.6139307,0.96661055
9f2539320e85,0,0.759518,0.70936525
9f3457c79515,2,0.6216285,1.0592778
9f70f457f732,2,0.40311593,1.2502251
9f7eaf224b00,1,0.7959404,0.67507946
9f90ceaacec9,2,0.36026606,1.2758216
9fd4cd92b5e3,1,0.3998056,1.1954386
9fe34f463cef,2,0.48232698,1.1593745
9ff8eaf27f82,0,0.4075919,1.2166235
a00e9f3e46b3,2,0.38876936,1.1990869
a0445b9d4930,2,0.42641383,1.1613014
a07855461605,1,0.4052145,1.4063165
a0ad897e6ef3,2,0.47742486,1.2742395
a0c6e8c3c68f,0,0.84953165,0.49826765
a0cc05ce59fa,2,0.4701404,1.2395895
a0d3fd0386d9,2,0.34657794,1.3851448
a131a9496b82,1,0.39796272,1.3326486
a1452b3e185b,1,0.45112067,1.2084975
a14c98b20437,2,0.5606932,1.1820974
a150cde164c1,1,0.50301206,1.1541245
a15d713a7782,2,0.44242033,0.99705875
a18e97c55688,2,0.5649737,1.1365771
a1eb5f42737e,2,0.38681084,1.3886411
a203f9f5c288,4,0.33588886,1.3434976
a20cb71c8cb8,2,0.3665594,1.2651865
a2183cf3a237,0,0.65502816,0.7935969
a2319c2af727,2,0.3924654,1.1832732
a23f0953f08c,2,0.4482902,1.3424019
a252632b8c91,2,0.50287,1.2052691
a252a97fbaec,1,0.40932018,1.2128632
a2c2dcbcc398,4,0.6646501,0.9322136
a2d894364873,1,0.81144696,0.6656391
a3537724b9a5,3,0.4652624,1.1805668
a3e5281f3158,1,0.45339656,1.2272534
a4105f653783,4,0.4994424,1.0466936
a435c6136916,3,0.43882394,1.1082628
a444ca028295,2,0.4256006,1.2756217
a48d59891a94,2,0.461449,1.2337581
a49b59299236,2,0.3778502,1.1730692
a512464b26bf,4,0.41870508,1.2666109
a5867e3dde29,2,0.4553864,1.3039091
a5b28de176ba,2,0.46424943,1.1611423
a5ea92b7864c,2,0.56041443,1.184218
a6135b708059,1,0.5167589,1.2274958
a6276ef5053b,3,0.4477977,1.1186956
a62983766a21,0,0.63155884,0.7882107
a6533f3144ba,0,0.8403243,0.44917393
a6556e9206b2,2,0.32240683,1.3670166
a66d287411ee,2,0.6496905,1.0044923
a67503dd5c37,4,0.3715729,1.1533391
a678c7bdd312,0,0.84646064,0.55509603
a69162579d65,0,0.92249936,0.3303348
a6940316fe47,2,0.6138286,1.0593569
a6aa2030d1f6,4,0.4679071,1.1521261
a6d6248e1d55,2,0.40754324,1.1968815
a6e5dd321ae4,0,0.48184547,0.91938174
a71375ac84f6,2,0.43749666,1.2243189
a766e99ac908,1,0.44813767,1.1978592
a7699068be9a,0,0.52646005,1.0886467
a77c37529ee7,1,0.52031034,1.0400732
a78b86e53095,3,0.5661228,0.9758032
a7c338c946be,2,0.38158995,1.2076211
a807402308f2,2,0.32053584,1.3172834
a8798ba9d196,0,0.9948412,0.033629682
a87e705d63ee,0,0.8172542,0.6782588
a8a268334c78,4,0.37609592,1.3473623
a8df9599a564,1,0.60314226,1.03737
a9006f6480a7,1,0.41082925,1.1888824
a924c71421de,1,0.46784925,1.1442034
a93db82a21e1,4,0.30262533,1.3582985
a94217c6d4fb,4,0.47031635,1.0326836
a958957485f1,2,0.4184738,1.2879006
a99e7996c664,0,0.6155942,0.80373657
a9bc8e153c30,1,0.44321355,1.1552738
aa2c125a8ab8,1,0.4088052,1.1866163
aa381cb2abd2,0,0.8922914,0.39926916
aa60bff84a4c,3,0.386747,1.1051345
aa7e34315323,2,0.47459736,1.2387981
aaa2cf8d02ef,2,0.46645355,1.2318226
aabeb044a306,2,0.47719526,1.201741
aad278dd0f28,0,0.9786705,0.10971137
aad8225d1252,2,0.6051477,1.1181768
aad86eddfe58,1,0.6777496,0.8406827
ab1fc7f40d64,3,0.36813322,1.2368313
ab20ac20337a,2,0.49434757,1.1634395
ab27ad586cce,0,0.84578055,0.554928
ab2daf10fd97,1,0.6218017,1.0075662
ab3050f000f5,2,0.37975353,1.2979172
ab49679c489a,2,0.4487482,1.1384245
ab51d81bb302,2,0.4133238,1.2398347
ab59dfa8dfa2,3,0.71104497,0.80215263
ab6a3748da27,1,0.76952946,0.7577151
ab796d05745b,2,0.36353904,1.4104494
ab7acf4fcbf0,4,0.48644838,0.9652004
abd5b64eb7c8,0,0.74078643,0.8025342
abd992633744,2,0.57522184,1.0747709
ac1ead3c51c6,2,0.7175381,0.9016428
ac601d2e714d,1,0.71440107,0.91078126
ac65fb85276d,4,0.72075593,0.94310486
ac6c7462887b,2,0.52922136,1.1190588
ac93ddd2c5a7,4,0.39905226,1.2440389
acb0e59ebfcd,0,0.7429344,0.75746137
acb732e347c0,0,0.59870017,0.8788905
acd52452b9a2,3,0.40137625,1.1476666
acd5ea4e65ee,2,0.39205697,1.3175805
ad13303b17c9,3,0.41528884,1.0790316
ad1cbd4b97ad,2,0.40755644,1.2417582
ad225d153500,1,0.43079272,1.1030539
ad24860aee94,2,0.5468672,1.040384
ad25a4f5beba,2,0.39658162,1.3234227
ad4c27a10804,0,0.6677374,0.8438099
ad7675128e0c,2,0.38534474,1.356296
ad893b080457,1,0.5019827,1.028608
adb38b7630c7,2,0.35009512,1.3154428
ade59f8a4564,4,0.389997,1.2047043
ae1cc896a422,0,0.9429294,0.23453756
ae23bd4b0b57,1,0.39293963,1.2916815
ae2fda60811b,2,0.53494656,1.153353
ae307e24355b,2,0.65341127,0.94613934
ae39a208b180,2,0.5202956,1.2296464
ae3ab8ac036c,3,0.6615095,0.8414358
ae43fbdb0db5,4,0.32497117,1.2228205
ae61b6385750,2,0.6360607,1.02253
af12ccf257d3,1,0.64952296,1.0048337
af1b40174e18,0,0.5326776,0.8869866
af1d9213ef42,2,0.57367885,1.171088
af79af943ec6,2,0.3678612,1.3061792
af894868d352,0,0.74171704,0.72169375
af8c79d4a864,4,0.40585318,1.2979691
af9d45e2f834,2,0.6784377,0.95556897
afb77c0d5ca3,2,0.52993345,1.1441994
afb7907b77d9,2,0.5001082,1.1718712
afc9e5eb7158,3,0.47290245,1.0832816
afe3ed0f5671,2,0.70017195,0.9271358
afe657fa2f7d,2,0.6363074,1.0275819
b00235fc4967,4,0.37187824,1.2855128
b01de692186b,2,0.42805466,1.1496799
b042fdb1e1a1,2,0.49856526,1.1490018
b0767b7577e4,4,0.32232246,1.3292319
b081fecd7600,1,0.6500078,0.954474
b09e9ba256f7,0,0.8937279,0.40563282
b0ac3ccbfb36,3,0.5233359,1.0146621
b0b0d564e6c6,0,0.5834626,0.9841649
b0c55927f712,3,0.40334186,1.1879681
b0d2c5ac27ed,2,0.53818476,1.1592627
b0fc3ca722ba,2,0.39633888,1.2537838
b16787f65d49,4,0.4780447,1.2449548
b17545486692,3,0.5121585,1.078102
b1ea863519a7,4,0.34935397,1.3111271
b1f69a5b75d4,2,0.5750078,1.1236619
b1fe958f25d1,0,0.98362046,0.09482439
b214c2228c53,2,0.38700566,1.2460282
b21c1ff1bb64,1,0.57028884,1.1198194
b22d649a343a,1,0.41710252,1.2735882
b243620b82aa,0,0.7394813,0.7755085
b26d1ec8c81a,2,0.5608512,1.1160316
b27b5b53e383,3,0.4892076,1.107358
b28619c58d35,2,0.49513865,1.1639712
b29bd35acaf6,1,0.3609355,1.2464749
b31e601ffdc7,2,0.32890677,1.2633692
b3aaa2cd3308,2,0.36203554,1.2827585
b3db392f5ee8,2,0.46148568,1.2204823
b40863d24767,0,0.8025466,0.52823263
b430b6148d0b,1,0.52800703,0.72884625
b4316f572eaa,0,0.9370669,0.2737777
b436e2bfeabe,1,0.6018846,0.9524597
b48785a5f763,2,0.40191102,1.1495149
b4aa74fa7811,0,0.92772424,0.26974496
b4f238551dfe,1,0.45985836,1.2016172
b4f43e48009a,2,0.44574443,1.3602312
b501a5bdd0cc,2,0.6584219,1.0026255
b510ee1cfc21,2,0.6285993,1.0107445
b5190b4f1d59,1,0.32140628,1.3424734
b59604582a69,2,0.3909834,1.2892797
b5967c4f8545,0,0.49082574,0.94406146
b5a43f4f66b6,4,0.4988672,1.0998437
b5c4cae30f91,2,0.3481888,1.2613496
b5d91947038f,4,0.5211509,1.0949337
b5dfdc8b2b87,1,0.37354988,1.2323794
b5ef4a1296d4,2,0.4011268,1.2204608
b6017bf3847d,3,0.353558,1.2281048
b62254c29af8,4,0.5702821,1.0507851
b6937fc5672f,2,0.58679223,1.074196
b6a4d7da60a7,3,0.373923,1.1006409
b6cf540b6935,2,0.43853244,1.258873
b6e7ae30e458,4,0.38156432,1.4593446
b70b29ad9e23,4,0.49002963,1.0115697
b75dedf39e2a,3,0.46865582,1.066049
b78412d404fc,2,0.38889804,1.2216444
b7950b4753f9,2,0.43085155,1.2292951
b79bc424675f,0,0.9735317,0.12896544
b7b9839a025b,2,0.43452168,1.2984501
b7c8cd2a6b2c,1,0.51565784,1.0348977
b7d617607c6e,4,0.34123543,1.1706213
b807f431700b,2,0.39286053,1.328312
b82e6271eaa5,2,0.5426823,1.1665709
b856313783fb,2,0.38018727,1.4510467
b876a85c43f9,3,0.63086855,0.9199993
b8b36543507f,2,0.4403289,1.2160728
b8c5029576f7,3,0.44699532,1.2058911
b8e0fb561c0c,2,0.4524332,1.2304976
b8fe9bf02740,2,0.42661706,1.2322309
b90a9ac76003,2,0.42030096,1.3778149
b9195b82342b,2,0.4125255,1.2462072
b92c3f9c4f1a,2,0.43420213,1.2852722
b93f6b61c889,0,0.6975377,0.8682357
b9896cdaa409,3,0.47917995,1.0272033
b9a598e33aa9,0,0.9224601,0.2889305
b9d2e411d7a5,2,0.5084238,1.2021656
b9ee6ecab720,4,0.6769982,0.803774
b9f4fa36c061,0,0.8536994,0.5293476
ba1ad5bac85c,0,0.40300187,1.3379076
ba1c620284fa,1,0.5402842,1.1047583
ba2fc27e7f12,2,0.5554118,1.2263019
ba482933d0e3,2,0.65152365,0.99189186
ba8e74535796,2,0.38497192,1.1635182
ba9dbc90fdf1,3,0.4499641,1.0751641
bab03e16c029,1,0.6260058,0.9141868
badf9d11fe77,0,0.8456001,0.54403716
bae2e0f0943e,2,0.53507334,1.1625025
baf2f593243e,2,0.49403763,1.2617784
bafc8f7940f0,4,0.47013766,1.1691875
bb0f83e7224f,2,0.40029892,1.3035059
bb25b28d11c4,2,0.63177663,1.0582343
bb4a8b80b7ee,1,0.67127585,0.9823133
bb53d6785e8a,2,0.44026732,1.2450984
bbc58fd26e9d,2,0.62816536,1.0203134
bc0a50485c85,2,0.45060235,1.1403581
bc2a4b1c45b0,3,0.5337492,0.9162054
bc7419fa4437,0,0.78202665,0.615335
bc8d12d09cf0,2,0.39427555,1.3352963
bc9d8ac89c82,1,0.4649214,1.3646994
bca38b014cdd,4,0.40422702,1.2008437
bccb2c2c4216,4,0.38819376,1.0920037
bd027726e13b,4,0.48373175,1.0274063
bd3bd6aac8e2,2,0.51333225,1.2856224
bda2d5ca6f7c,2,0.39721048,1.2598089
bde27560a3b8,2,0.4599524,1.2400181
be110f3aad85,2,0.5234779,1.1879619
be640164686b,2,0.37667102,1.254163
be644233f515,2,0.44390908,1.319072
be6eaf53228f,0,0.87094593,0.48603505
be71e340dbaa,2,0.311875,1.4287205
be99a17d1158,4,0.40451947,1.273041
becb5885318b,2,0.6209456,1.0354353
beda8915324d,0,0.48305488,1.1568801
bee2621d5a8e,1,0.39497203,1.3392017
bef30368d78d,1,0.47720852,1.0510825
bf0a40de1790,2,0.3586525,1.3374294
bf441174ad79,0,0.75677407,0.7015463
bf599a93ca9b,2,0.6250847,1.0502822
bf94a80a5ce1,2,0.5166255,1.2124239
bfd3dcc96967,0,0.600058,0.9266163
bfeaf538c6ca,4,0.42427,1.243274
c03b523cfb2d,0,0.8852776,0.42491502
c03c647fde23,0,0.79506564,0.60214525
c04f7d5ac56e,0,0.7016231,0.7433312
c064277b8cc6,0,0.77749467,0.6795067
c0b5445db374,2,0.38965568,1.2970021
c0cb34b0f29f,2,0.4754967,1.1940005
c0f1ea4d0215,4,0.30689776,1.3010747
c0f6ebbff5dd,0,0.4755413,1.1443411
c0f949e900cc,1,0.6539827,1.0031635
c11b3794d4e9,2,0.4494737,1.1999605
c13e52ea958e,2,0.4626127,1.3119318
c16e200bb026,2,0.65549004,1.0269605
c18a0972d652,2,0.40917593,1.3305032
c19b684d1f54,2,0.3174157,1.2786802
c19e4d3f6e92,2,0.4012435,1.159334
c1a060f49e24,2,0.4600591,1.2501682
c1b6188f46c9,4,0.56041014,1.0033182
c1ddef7c2411,2,0.3303942,1.2984993
c1df61ca9c16,2,0.671038,0.9899599
c1f4bc49a4c5,3,0.5859494,0.90448684
c1f5f01d7615,4,0.46792635,1.2955227
c23ba42c5251,2,0.5167074,1.1157396
c275d57d4cf9,2,0.5201829,1.2121108
c2ab32a760b6,2,0.4936308,1.0357642
c2fa7e44f4bd,3,0.45057923,1.1453658
c320df3fe094,2,0.37749353,1.3364384
c3214eb3f870,4,0.8284873,0.54700434
c346339ff00f,1,0.52780044,1.1111915
c370a38c855e,4,0.4652609,1.1020443
c38bfcb69bac,0,0.6601576,0.9199346
c39399ebd841,3,0.38111132,1.1432333
c39c40be80e9,2,0.47110137,1.24716
c39d7fde814c,2,0.40089154,1.2136543
c3e13501e198,3,0.40897316,1.1437086
c3e311d899ed,2,0.39081144,1.1922605
c3fea3498883,1,0.73763496,0.8727287
c423a0b222de,1,0.47424522,1.1466609
c434df57e02b,2,0.36403728,1.3667115
c43d6133ca37,1,0.3917603,1.2879374
c475aefa6255,0,0.7210917,0.7739606
c47fe8e08b85,1,0.37815404,1.3104312
c49c47887520,4,0.35408127,1.1991389
c4a81ee6362b,1,0.49198952,1.1001556
c4cfcc09fdf1,3,0.53439075,1.0250721
c537a3ca84b1,4,0.3689094,1.3348243
c54f83a2d026,2,0.42896214,1.2051865
c56dff0321fa,0,0.9866471,0.0764548
c56f9d5ae96e,2,0.4610057,1.145881
c57e87ac7d8b,2,0.4342595,1.3552762
c57f8905dc76,0,0.63391083,0.8724783
c582e76be4a6,4,0.4075304,1.2024231
c59e7e8eeeb5,2,0.47538725,1.2977899
c5b9376b1031,4,0.5104205,1.0005829
c5b9a7917858,1,0.5136527,1.1177266
c5c5c97d4404,2,0.3863911,1.2052495
c5e5fb775899,4,0.43657786,1.0881026
c5f88666d031,0,0.63499403,0.95965755
c5ff8e81f094,3,0.38457638,1.2008212
c61d374afa32,0,0.9207082,0.35733157
c623cd3dfc93,3,0.46113148,1.1472652
c6340f6782f3,0,0.5455569,0.9590643
c66bf1a7d923,1,0.6779837,0.98647577
c689594e1738,2,0.62836933,1.0256869
c69386aeafd3,1,0.3529163,1.3039972
c697d6496c5a,4,0.40823978,1.2352962
c6c76cf68bb8,0,0.56343377,1.1801046
c6d804a72e73,0,0.4325107,1.2693739
c70ef770980e,0,0.42912465,1.1339421
c71728f9535b,4,0.33385366,1.2113779
c723c0765065,3,0.34699723,1.1164058
c72492c66aa4,1,0.6835697,0.94803065
c751a13679f3,2,0.41583496,1.1955942
c75940045da2,1,0.4583578,1.3066554
c7b8aef7c746,2,0.37228513,1.2169993
c7c003cdaaba,2,0.38124546,1.2725886
c7f4b034a731,2,0.38754424,1.3710259
c80eebab468d,4,0.5740255,1.0348587
c829f6b37ac3,0,0.39706618,1.2286665
c849b220a7b6,2,0.5182292,1.209689
c85bc4a45f7c,3,0.40046835,1.1568005
c867b4547f66,2,0.5649062,1.1597462
c8799272ed2f,2,0.60289943,1.0776352
c883b941e7d7,0,0.7200335,0.752769
c8a498c984f3,3,0.390606,1.2253096
c8beb20d5a63,2,0.35607842,1.3074974
c8e05928ba0f,2,0.596995,1.0771911
c8f81210b738,2,0.49764043,1.1898766
c929f270bd89,0,0.62981254,0.9392204
c9725a732b15,2,0.5915436,1.0202175
c97946322879,0,0.55983555,0.9527708
c9cac69b9ee0,3,0.40021715,1.3222781
c9e283e1350a,0,0.406046,1.2173107
ca2521ce3704,4,0.35884437,1.3067746
ca30526a247c,4,0.7456769,0.83353776
ca38430b1d95,0,0.7063652,0.84332263
ca948114cb53,2,0.37750486,1.2860187
ca9d987ffde2,1,0.7710036,0.8183333
cac200729b8c,4,0.4678164,1.1437006
cad7be9b1e4a,2,0.3592717,1.2784253
caf8c68b4b7f,4,0.38405132,1.197986
cb004a78aecf,2,0.4737038,1.1974674
cb00fbc43f3a,3,0.42275968,1.0877335
cb2319096cee,2,0.33759066,1.2481589
cb2eaa6e87ad,0,0.82652014,0.6115178
cb484b214c95,2,0.5637839,1.0928265
cba1fb3d80e0,2,0.42135048,1.224658
cbdc19b70634,2,0.40944633,1.1192491
cbde1c64f27e,2,0.38099068,1.2757015
cbf8916e5abe,0,0.6102875,0.8200987
cbfc17046ade,3,0.40661702,1.1914387
cc232dbbb4d1,2,0.38314238,1.2135128
cc95391f2576,0,0.6590215,0.7165887
ccad8575f78c,2,0.3797001,1.2720525
ccb1ebb98403,2,0.4066394,1.2688873
ccb7656b082f,2,0.4713401,1.1700723
ccba4cf55bf5,4,0.37218532,1.3033254
ccc3e15fa536,4,0.4398695,1.1947262
cccaeed0bc15,1,0.54520285,1.2224015
cd41966d03ef,0,0.58053684,1.1249235
cd45c48db97d,3,0.39547884,1.1866617
cd6cb8eca034,1,0.7682141,0.7672759
cdf3f1c8ec1d,1,0.34810513,1.2531619
cdfa6bafa14b,3,0.4850556,1.1134729
ce08ebfff762,1,0.46267447,1.0973201
ce3ac82b2824,1,0.5827668,1.1057436
ce588daddf8d,2,0.43595725,1.242025
ce6af5e7dd4b,2,0.52561295,1.1947982
ce78805858b3,4,0.49699003,1.1813735
ce79b62b49f7,1,0.45815498,1.160627
cee9079c5c8c,2,0.40095443,1.1942253
cefdb6b7fda2,2,0.41842955,1.2665823
cf00f7ff4409,1,0.3776629,1.3919166
cf62a20429e5,3,0.5439898,1.0538139
cf94420fc02c,3,0.51231045,1.116019
cf95d13f210a,0,0.9894943,0.05688549
cf98137e0faa,2,0.6107513,1.0638697
cf99da5598c2,0,0.94348794,0.2637993
cfe6c3a302c4,2,0.51468766,1.1796464
d00312c50737,2,0.3408243,1.41738
d02fd631b440,0,0.7948383,0.6885553
d04d1e8302c1,3,0.53675973,1.0561717
d055c5298145,1,0.41876125,1.299566
d073f7f99d46,2,0.42117196,1.432388
d07a177c50a2,1,0.35921544,1.2419441
d07f7b3453ac,2,0.44649848,1.2082574
d087cc94e803,2,0.48052773,1.2535976
d099f9ee17f2,2,0.53298587,1.1949466
d0c9ada304c5,2,0.43088764,1.1803306
d0d9240fb267,3,0.4637669,1.083137
d0defe792d44,0,0.7842462,0.7760006
d0ee299b99ca,2,0.38544452,1.3522758
d13d82ddc158,2,0.48462763,1.2501051
d166f5253f48,2,0.43791336,1.2786356
d1873f49e545,2,0.47121653,1.2656333
d18c404c056f,0,0.5839473,1.1231272
d1a276276890,3,0.41249737,1.189006
d1d1999d1d64,1,0.37908846,1.2064458
d1e17c1f626f,2,0.45452946,1.226093
d1edebb87566,2,0.5675283,1.0002464
d1fbba2bd872,0,0.59653085,1.0867065
d2379ffcd65e,2,0.30075356,1.31475
d23aa310a873,4,0.47172815,1.1803448
d25c41b91aa6,2,0.4418889,1.1916568
d26370778377,2,0.46296158,1.3284671
d28249710414,4,0.51249135,0.8455809
d29354018b36,0,0.92108285,0.34182388
d29d5d08e8af,1,0.5399503,1.1398718
d2d6fcb41a71,2,0.336128,1.2100834
d31da0ad1639,2,0.536286,1.1990528
d395e0984942,4,0.5619937,1.0484335
d39d66f038ff,2,0.3460483,1.1876042
d3e10a38cefb,3,0.38038367,1.1952082
d4266ee268a8,3,0.40844536,1.1353915
d463abce569a,0,0.6272576,0.8021957
d465bf00f65f,4,0.41970712,1.1858433
d481ddad16f2,2,0.5506195,1.1961838
d490d6bf7a9c,1,0.69994617,0.9127308
d4fe9da627c7,4,0.4799694,0.927297
d50c55a3c762,4,0.5819987,1.0891151
d557cff45218,2,0.44203448,1.2730024
d5641bbb70f4,1,0.5884299,1.1042588
d57bdb46e998,2,0.58736765,1.1308997
d5d1482f6b6b,3,0.47922713,1.1034691
d5e760a949b9,2,0.38372952,1.3262956
d5f7be34df0d,3,0.4919613,1.116471
d607960647ac,2,0.48906678,1.2193055
d60e1e5c5c0f,2,0.62705976,1.049284
d6301df5abf1,1,0.45960975,1.304498
d6320a089dcf,3,0.4581748,1.0618435
d64a07eb634d,2,0.33462796,1.3244467
d655d099f8d6,0,0.60976845,0.9249102
d65a606a9289,4,0.3346887,1.3552891
d667f316aa03,2,0.40063858,1.3137358
d66b9c127924,2,0.3926943,1.1804634
d6bef5e72002,4,0.3648893,1.3608694
d6bf0d147a9d,4,0.6059307,0.97317904
d7251d24ad17,0,0.5889023,0.8166334
d7532b579b2b,4,0.60535264,1.0759492
d7a16a05f86e,4,0.43938342,1.0876482
d7e123072fde,2,0.4367818,1.1865991
d7fc386c546f,1,0.39635667,1.2545683
d81987552a7d,4,0.44946092,1.0411373
d81c3856082a,1,0.7376076,0.7426008
d8312c5b5217,2,0.44377628,1.1948869
d8468d108c02,0,0.9948513,0.035573684
d87e5a77a830,2,0.33034784,1.3486159
d8ebfa3568ac,1,0.5932126,1.1318495
d8f6c660bf2d,2,0.44089794,1.2232324
d91d32018e74,0,0.45590267,1.1321055
d995728f0e26,2,0.42325798,1.16397
d99a7151297d,2,0.4698948,1.2232269
d9b846ab7972,0,0.812191,0.65698755
d9c9e94df371,0,0.4675715,0.9148874
da4e9278ccfe,2,0.46424818,1.2518426
da58ea1e0407,2,0.635779,1.0310774
da68a7779f0d,4,0.33265036,1.2273986
da763f0c1a0f,3,0.41206932,1.0633113
da807f93050c,4,0.3367781,1.2431074
da91be7eeb4f,2,0.6205953,0.95679426
daa2d1d05f49,1,0.54011875,1.109702
dabe64a3b18b,0,0.35376388,1.2450888
dadc953e79e2,0,0.9199238,0.32462683
daeec7b8e982,2,0.63462484,1.0468733
dafade8b6561,2,0.32720265,1.3578008
db169abd047e,1,0.4011076,1.1502476
db5d26026ed9,2,0.63452417,1.0223706
db682fa7f5b6,1,0.32722116,1.3080269
db6d64fc74e9,2,0.44716436,1.1313837
db91aeb2193e,3,0.35950416,1.1803362
dbcbc3467e56,4,0.32725078,1.3299665
dbd772828089,3,0.4477496,1.1040194
dbf67b9638cd,2,0.42602205,1.1476519
dc425ae63cf4,2,0.49902874,1.2203964
dc6649bd0e07,0,0.5507709,1.0979018
dc7b66c705d7,2,0.36801878,1.2884115
dcc69ebb6b75,2,0.6270989,0.98646533
dcee11470733,0,0.82386684,0.58646697
dd525bbb2ca3,0,0.5103818,0.9554044
dd583f42cbd0,4,0.5040113,1.037289
dd7c7113b438,2,0.4156639,1.2174814
dd8aa5d8cc3e,2,0.56400925,1.1527791
dd9c3583fd50,3,0.36471933,1.2679328
ddc65711db04,1,0.5582218,1.123021
dde91361002c,4,0.50035816,0.94885254
de202d6ca406,3,0.35815758,1.1784894
de2bfc6ae8dc,0,0.3946988,1.2555788
de3afa3ddd6e,0,0.92429984,0.33439153
de491c9a3896,2,0.53269094,1.1797202
de8ce19274f7,3,0.47335777,1.0141531
deb6f3d6f1c6,1,0.3263456,1.3197858
df16c3ac7046,1,0.6734718,0.92545044
df1aa0e4fdc0,0,0.6612152,0.84634113
df9fb7e570cd,2,0.43184668,1.2692375
dfcde9f583c0,2,0.48824567,1.1697223
dff147e8c2f9,1,0.42789084,1.2261963
dff51d618ebd,2,0.5640863,1.1427048
dfff4dd8e2a3,0,0.8004643,0.64607596
e002ce3cfe09,1,0.7566687,0.77627265
e03bb55dd03c,0,0.9836426,0.088802576
e04b4316c2a1,1,0.32854334,1.3795842
e051148841ce,2,0.38660902,1.300463
e076c2fc95fe,4,0.32509542,1.2626398
e0bb4081ebec,4,0.59529054,0.9902128
e0ccaed5f4fc,4,0.40444598,1.186087
e0d46318b156,3,0.47406402,1.0869502
e12714617669,3,0.45800558,1.1277277
e177610cf7a1,0,0.8206639,0.6365357
e1a9cafeb308,1,0.76137847,0.79314727
e1abc348d5bc,3,0.517568,1.002406
e229725ddccd,2,0.27250415,1.3309956
e2300fd74ccc,2,0.59186804,1.1143928
e23d7cd089fa,2,0.49846697,1.191019
e26bf4a0165f,2,0.42923966,1.0791147
e29765ebf3bc,2,0.39771146,1.2832153
e2ae80422b9e,1,0.31687832,1.4256065
e2d902dccbac,2,0.48199496,1.1991827
e2fdc91493f4,4,0.5632912,1.0537052
e31794f248df,3,0.3880933,1.1614481
e319bce1d9ad,3,0.5124283,1.0948368
e3e124e05aef,2,0.4440919,1.0459744
e3eaf3d12ad4,0,0.9816328,0.100834906
e44c5eb9cbf3,0,0.7261078,0.7429449
e44c7c93e116,2,0.40488687,1.3150593
e46a71fcb54b,0,0.92322046,0.30300504
e48caeb90d74,0,0.8583748,0.53603774
e4c510a40d9c,2,0.5999381,1.082578
e4c643b8c321,2,0.38298574,1.3228279
e4e847470e49,2,0.48615894,1.1830193
e4ea1673d8f8,2,0.44922686,1.2830749
e4fb9b17a8e6,4,0.3676827,1.1672187
e506ac43ed7d,0,0.54746985,1.0731196
e51a5a7cb0c4,1,0.340519,1.38118
e5687116e274,2,0.45710355,1.2699454
e57ddcade9b2,2,0.5378653,1.1680859
e5987d9e2a11,3,0.37516224,1.1835616
e59c5a52ab4c,2,0.3920321,1.2973398
e5ace8dc0bad,3,0.48197547,1.0377325
e5bab5038b26,2,0.2848736,1.2984611
e62ae9cc6f9d,0,0.7445886,0.76509994
e6419843845a,2,0.5790336,1.1304896
e675ee5cfabe,0,0.96085864,0.16832134
e6834d55bf6b,2,0.59580976,1.1041324
e70756bf1618,2,0.46242303,1.2408898
e7081f15bdbc,1,0.4390394,0.9377705
e73737111c4e,2,0.53812563,1.140105
e74f1fdebdd6,2,0.44621935,1.3941774
e752f13c725c,0,0.6616543,0.89694786
e754bdc1061b,2,0.5728388,1.2324245
e7557ee92477,2,0.5530877,1.0596483
e7655ce118ad,1,0.38213405,1.3365843
e7a9e0ecdd65,2,0.58814555,1.139745
e7c6e71e699a,3,0.50672805,1.060145
e7f566b79edd,4,0.31246862,1.3325045
e87155449e8c,2,0.43790278,1.1120399
e87e6e5db799,3,0.38275328,1.1697235
e8c65c471b92,2,0.37681252,1.2780184
e8d83190b171,2,0.4686455,1.1913048
e8deb6e2de83,2,0.593572,1.040466
e8efde11fae0,1,0.53107214,1.1446496
e8fd593892f7,3,0.48391348,1.1120315
e9602a2d3044,2,0.41297397,1.2020549
e97517f83449,1,0.4076392,1.289576
e976cf76fe42,3,0.4261202,1.1637133
e982c6b5b726,2,0.5465938,1.1987828
e999c64033df,2,0.5314771,1.1068807
e99e5a0b8755,2,0.64468336,1.0289948
ea35436c0b08,2,0.46783972,1.1137553
ea4a8d1b2358,1,0.57047457,1.083504
ea58b230f540,2,0.56639695,1.0992136
ea6742795adc,2,0.62280774,1.033214
ea746a0d54ac,2,0.47301015,1.1207821
ea8e9a3144e0,1,0.6629001,0.9459158
eaa11b9fd165,2,0.46930033,1.1399363
eab2934c55e1,2,0.4932568,1.1932156
ead743033ad9,2,0.66639996,0.9510187
eb2ca71ecf29,0,0.3814508,1.3099102
eb470f336ee2,4,0.38491884,1.2572247
eb56559c9a8c,4,0.39277348,1.2098984
eba177d4e30e,3,0.4169402,1.1124132
ebb40c984d56,1,0.36598846,1.353061
ebb70180b81a,3,0.6243243,0.95261115
ec1ec61a3354,1,0.47132748,1.2694072
ec248c3ecd10,2,0.37167147,1.297059
ec353d42359d,3,0.5119271,1.1167803
ec4309136788,4,0.507704,1.1431843
ec5b8792b1a2,1,0.680714,0.8345025
ec71f67e2cd1,2,0.44362372,1.2594221
ec727873cdb7,0,0.81449986,0.6211271
ec8f3ec97245,2,0.34661415,1.178149
ed0ccec62a3a,2,0.437459,1.2128433
ed59b7d44223,4,0.3963322,1.1631404
edae318f4942,4,0.42422146,0.9947543
edca22bdbeeb,0,0.47162384,1.1353749
edd6984490a2,0,0.9347412,0.27726015
edd7e3e814e8,3,0.4829766,1.1075338
ede39fdf8477,0,0.9294694,0.2728384
edeccdfdfdf9,0,0.72990394,0.7816962
ee506d853270,3,0.43996423,1.1042293
ee544d980b5e,2,0.58245623,1.1258976
ee6e56f02740,2,0.34859195,1.5063095
ee76112096cf,0,0.50247127,1.0525072
ee969c006782,3,0.4333647,1.1402872
ee98121d0c5a,4,0.6923766,0.92567194
ee9d64c9be0a,0,0.9546801,0.2173372
eea7f3cdc9dd,1,0.36284912,1.3337556
eee06cf50cff,1,0.43693218,1.0818665
ef10428bec8e,2,0.5015436,1.1804165
ef1548136b3f,3,0.41185874,1.2028375
ef36cbd84301,2,0.51244605,1.1625246
ef39106db910,2,0.54845995,1.1764138
ef44b0f4d553,1,0.42342573,1.2992504
ef49726b8df9,2,0.56214875,1.108498
ef4c7035ce6e,2,0.33823374,1.324434
ef514c87f4ec,3,0.44575357,1.0486459
ef5f4ffdd75c,2,0.38157827,1.2644964
ef8c405f0c7b,2,0.46886683,1.2644875
f04b0e450206,2,0.34365863,1.3093574
f059ab26d40a,0,0.9851984,0.09050958
f07ca35b523b,2,0.497873,1.179056
f0848f9ccf92,2,0.37789708,1.1332511
f08c01a8a480,3,0.4701171,1.0891894
f092448b6617,2,0.38085204,1.3237371
f0a4b6713914,1,0.4397098,1.1969742
f0d3048b5a3f,2,0.44362482,1.2832029
f0e6fd9a71d8,0,0.97083175,0.14804485
f0fe049d478b,1,0.4792741,1.278341
f10e7a05264b,0,0.4423748,1.0836738
f1178112a435,3,0.47158074,1.1093016
f1416b6ac0f0,1,0.5157164,1.1632296
f1541578ba01,0,0.90726554,0.35229933
f15d74f144a9,2,0.4638257,1.1542891
f167245c0bdf,3,0.53879535,1.0122894
f1fe9471fc83,1,0.70559293,0.84315795
f218a44247b1,3,0.42287955,1.1037643
f2320b9e1197,0,0.8879925,0.25243405
f237bd2d4189,2,0.40326953,1.3656005
f3135d8ed877,1,0.46449882,1.2352613
f320b5f7f5b5,3,0.42125568,1.1465456
f32613d8dd7f,2,0.42318353,1.191967
f32bdf2a84ec,2,0.37001714,1.1285408
f32e563daf7b,3,0.37894267,1.1441352
f360627bb76b,2,0.43055564,1.1848122
f36969f69b4f,4,0.3937286,1.1380749
f39ce81e62e4,2,0.5418949,1.1880618
f3a6c7df5fdc,2,0.5142178,1.185688
f3bebccd8f01,1,0.63377446,0.9908091
f3bf83a0e378,2,0.3857225,1.1880957
f3d95fad170c,0,0.7635193,0.54783404
f3daf369a103,0,0.8811682,0.3748603
f3e5159e0b2d,2,0.45547968,1.1861064
f3f696c65bfd,2,0.54068327,1.1775768
f41ef796cc0d,2,0.48836222,1.1881447
f443c3d7ab22,0,0.7725841,0.6906915
f444cd113883,3,0.4450612,1.0293982
f44fd938c664,3,0.3394956,1.2671187
f45ceb654c4d,3,0.5244533,1.0562702
f47c5fc86387,1,0.5275358,1.1814017
f4a37bac1050,3,0.61798203,0.95449305
f506b2b3c950,3,0.4380153,1.0151573
f524093e34ea,2,0.34717768,1.2960827
f526c7a16749,1,0.38079515,1.2843039
f535da2b9102,4,0.37631398,1.1698179
f543269b7905,1,0.68099475,0.8825644
f54b2ebf7f43,2,0.41005978,1.1858013
f576e224de55,2,0.49401522,1.0699154
f5aa838e2ffc,0,0.4962442,1.0219929
f5b4f7bc69e7,0,0.859948,0.5105671
f5ebdedbba98,2,0.4591341,1.2192879
f636fc9e4355,3,0.4522532,1.1110847
f6578f3dfafe,4,0.44955397,1.0863798
f68ada6a0892,2,0.4483363,1.2201715
f6a79dbb4339,3,0.50151783,1.087849
f6a9c937e6d6,1,0.3354978,1.3219922
f7113d580492,0,0.86202115,0.42372578
f72a18c76408,0,0.5981004,1.0255355
f73e8ec73179,0,0.97875917,0.10760311
f756b1c4c52b,2,0.49098435,1.3359594
f75b65c8cc4c,1,0.3206616,1.3573991
f785337edf07,2,0.55615854,1.1415069
f7b4b4cf9161,1,0.61774415,0.95928544
f7b5f3581d20,2,0.54252374,1.117163
f7cb2e6212b2,1,0.50387734,1.2018294
f7dd2700a3d5,1,0.36443663,1.3137586
f7de9615aea3,2,0.4536601,1.2308486
f7f026a5a4bb,3,0.612549,0.87405175
f7f8dd6cd6bd,0,0.59033614,0.79733545
f85bf43b7e05,2,0.39625,1.334829
f893813ed0d4,4,0.5734736,0.9802316
f898d3e8ed90,2,0.4444005,1.2744025
f8aa9af6ca63,0,0.9133172,0.36616987
f8b184ad0701,1,0.47419462,1.2700922
f8b9c9f5235f,1,0.56032073,1.1370752
f8f530fa573e,2,0.39873976,1.2655829
f9642cf6a5bb,3,0.43632922,1.0943251
f96f06803471,2,0.5912313,1.0753052
f96fecb16957,2,0.46262866,1.1802526
f99a9ad63dda,4,0.8549423,0.51082367
f9e7f614c91d,3,0.39982975,1.0781447
f9f1cd9ed16c,2,0.51035714,1.0425904
f9f3d97f3269,2,0.38233095,1.2221826
fa007743976a,3,0.3781305,1.1448472
fa09c97a2887,4,0.4965682,1.1605178
fa7a97f4de76,0,0.44360828,1.2024134
fa8b04533b99,2,0.46789235,1.1321293
fa98490bc13c,4,0.35609442,1.3003243
fa988ad2271e,3,0.49181262,1.1131867
fab7d8e8a1fa,4,0.36085802,1.1912457
fac5beea82bd,0,0.4092043,1.206912
fb2d29623cfc,2,0.36502734,1.3082947
fb5b3c8d9cbb,0,0.69469845,0.85938275
fb75ed010413,0,0.4150816,1.1844078
fbb5cb3a2222,2,0.36974946,1.356633
fbc502a64901,2,0.4210043,1.3099525
fbc8b60526f1,2,0.5684556,1.053695
fbcd28a51ef7,2,0.28955135,1.3995787
fbe36fdd76be,2,0.35266185,1.2951651
fc3935afc788,2,0.45283413,1.2386396
fc44a4ffaa45,2,0.3750944,1.3004602
fc5ea7f74c48,2,0.49461088,1.1807073
fc66648f758e,1,0.47154742,1.0120186
fc67df1e574e,1,0.32766625,1.4287912
fc6c9d0efe53,2,0.38394254,1.321868
fc79feb5deed,2,0.548288,1.0518687
fcbc1f4b5342,2,0.7179141,0.8866204
fcd166e6e4b5,2,0.37049517,1.4207835
fcea00df9f33,1,0.744094,0.7607954
fd2978398705,2,0.55731755,1.1680158
fd2d58c6cd45,2,0.46029216,1.259012
fd4d81b43e84,2,0.5816567,1.0631926
fd7cc592106e,2,0.45162687,1.1836494
fd8e6b0b2e45,0,0.42736053,1.097686
fda8612fcc8c,2,0.4175141,1.3840815
fdde61dd1bde,3,0.3828457,1.1900514
fde8778182af,2,0.5942415,1.0616
fe0a340c4477,2,0.5600835,1.1200742
fe190d618acf,2,0.44553572,1.1815755
fe1d2f703efc,3,0.52633953,1.0097786
fe5618ad2460,2,0.47428828,1.2342582
fe57ff56618e,0,0.5769845,1.0370344
fe84ad1df04b,2,0.46899495,1.2091151
fe920e47b72d,2,0.55771077,1.1132249
fed9d587f158,2,0.5433343,1.1407017
fee5bd042c3b,1,0.52810067,1.0890461
fef8e645d030,2,0.57455206,1.024089
ff2fd94448de,0,0.67288023,0.91683304
ff4c945d9b17,2,0.3960747,1.3452766
ff64897ac0d8,3,0.37843055,1.2160662
ffa73465b705,4,0.61712736,0.9994899
ffdc2152d455,1,0.40485018,1.3538094
